date,value
02/01/1962,3.22
03/01/1962,3.24
04/01/1962,3.24
05/01/1962,3.26
08/01/1962,3.31
09/01/1962,3.32
10/01/1962,3.33
11/01/1962,3.33
12/01/1962,3.3
15/01/1962,3.32
16/01/1962,3.3
17/01/1962,3.3
18/01/1962,3.27
19/01/1962,3.27
22/01/1962,3.25
23/01/1962,3.25
24/01/1962,3.24
25/01/1962,3.27
26/01/1962,3.28
29/01/1962,3.28
30/01/1962,3.28
31/01/1962,3.29
01/02/1962,3.3
02/02/1962,3.3
05/02/1962,3.29
06/02/1962,3.29
07/02/1962,3.29
08/02/1962,3.3
09/02/1962,3.28
13/02/1962,3.28
14/02/1962,3.31
15/02/1962,3.33
16/02/1962,3.33
19/02/1962,3.32
20/02/1962,3.31
21/02/1962,3.28
23/02/1962,3.24
26/02/1962,3.22
27/02/1962,3.23
28/02/1962,3.21
01/03/1962,3.15
02/03/1962,3.17
05/03/1962,3.18
06/03/1962,3.18
07/03/1962,3.14
08/03/1962,3.11
09/03/1962,3.12
12/03/1962,3.13
13/03/1962,3.11
14/03/1962,3.1
15/03/1962,3.1
16/03/1962,3.06
19/03/1962,3.03
20/03/1962,3.02
21/03/1962,3.01
22/03/1962,2.94
23/03/1962,2.94
26/03/1962,2.95
27/03/1962,2.95
28/03/1962,2.96
29/03/1962,2.96
30/03/1962,2.97
02/04/1962,2.95
03/04/1962,2.93
04/04/1962,2.88
05/04/1962,2.89
06/04/1962,2.89
09/04/1962,2.9
10/04/1962,2.94
11/04/1962,3
12/04/1962,3
13/04/1962,3
16/04/1962,3
17/04/1962,3
18/04/1962,3
19/04/1962,3
23/04/1962,3.03
24/04/1962,3.08
25/04/1962,3.08
26/04/1962,3.04
27/04/1962,3.07
30/04/1962,3.07
01/05/1962,3.06
02/05/1962,3.06
03/05/1962,3.05
04/05/1962,3.05
07/05/1962,3.04
08/05/1962,3.01
09/05/1962,3.01
10/05/1962,2.99
11/05/1962,3
14/05/1962,3
15/05/1962,3.04
16/05/1962,3.04
17/05/1962,3.06
18/05/1962,3.05
21/05/1962,3.05
22/05/1962,3.05
23/05/1962,3.04
24/05/1962,3.02
25/05/1962,3.01
28/05/1962,2.98
29/05/1962,2.97
31/05/1962,2.99
01/06/1962,2.98
04/06/1962,2.98
05/06/1962,2.97
06/06/1962,2.95
07/06/1962,2.95
08/06/1962,2.94
11/06/1962,2.95
12/06/1962,2.94
13/06/1962,2.94
14/06/1962,3
15/06/1962,3
18/06/1962,3.03
19/06/1962,3.06
20/06/1962,3.04
21/06/1962,3.04
22/06/1962,3.04
25/06/1962,3.12
26/06/1962,3.14
27/06/1962,3.14
28/06/1962,3.18
29/06/1962,3.2
02/07/1962,3.21
03/07/1962,3.23
05/07/1962,3.21
06/07/1962,3.23
09/07/1962,3.26
10/07/1962,3.27
11/07/1962,3.26
12/07/1962,3.27
13/07/1962,3.27
16/07/1962,3.28
17/07/1962,3.34
18/07/1962,3.36
19/07/1962,3.33
20/07/1962,3.32
23/07/1962,3.32
24/07/1962,3.32
25/07/1962,3.32
26/07/1962,3.32
27/07/1962,3.32
30/07/1962,3.33
31/07/1962,3.33
01/08/1962,3.3
02/08/1962,3.26
03/08/1962,3.27
06/08/1962,3.26
07/08/1962,3.28
08/08/1962,3.28
09/08/1962,3.28
10/08/1962,3.28
13/08/1962,3.26
14/08/1962,3.24
15/08/1962,3.2
16/08/1962,3.19
17/08/1962,3.18
20/08/1962,3.17
21/08/1962,3.17
22/08/1962,3.14
23/08/1962,3.13
24/08/1962,3.12
27/08/1962,3.11
28/08/1962,3.1
29/08/1962,3.1
30/08/1962,3.12
31/08/1962,3.14
04/09/1962,3.15
05/09/1962,3.16
06/09/1962,3.09
07/09/1962,3.1
10/09/1962,3.08
11/09/1962,3.07
12/09/1962,3.05
13/09/1962,3.06
14/09/1962,3.06
17/09/1962,3.03
18/09/1962,3.05
19/09/1962,3.04
20/09/1962,3.03
21/09/1962,3.04
24/09/1962,3.04
25/09/1962,3.04
26/09/1962,3.02
27/09/1962,3.02
28/09/1962,3.02
01/10/1962,3
02/10/1962,2.99
03/10/1962,2.98
04/10/1962,2.97
05/10/1962,2.97
08/10/1962,2.99
09/10/1962,2.99
10/10/1962,2.98
11/10/1962,2.98
15/10/1962,2.97
16/10/1962,2.96
17/10/1962,2.96
18/10/1962,2.96
19/10/1962,2.94
22/10/1962,2.96
23/10/1962,2.99
24/10/1962,2.99
25/10/1962,2.99
26/10/1962,2.97
29/10/1962,2.97
30/10/1962,2.97
31/10/1962,2.97
01/11/1962,2.97
02/11/1962,3
05/11/1962,3
07/11/1962,2.99
08/11/1962,2.97
09/11/1962,2.97
13/11/1962,2.98
14/11/1962,2.99
15/11/1962,2.99
16/11/1962,3
19/11/1962,3.02
20/11/1962,3.01
21/11/1962,3
23/11/1962,3.01
26/11/1962,3.02
27/11/1962,3.03
28/11/1962,3.04
29/11/1962,3.03
30/11/1962,3.02
03/12/1962,3.03
04/12/1962,3.04
05/12/1962,3.03
06/12/1962,3
07/12/1962,3
10/12/1962,2.99
11/12/1962,2.99
12/12/1962,2.99
13/12/1962,3
14/12/1962,2.99
17/12/1962,3
18/12/1962,3
19/12/1962,3
20/12/1962,2.99
21/12/1962,2.99
24/12/1962,2.98
26/12/1962,2.99
27/12/1962,3.01
28/12/1962,3.05
31/12/1962,3.05
02/01/1963,3.04
03/01/1963,3.02
04/01/1963,3.05
07/01/1963,3.07
08/01/1963,3.06
09/01/1963,3.02
10/01/1963,3.01
11/01/1963,3.01
14/01/1963,3.01
15/01/1963,3.01
16/01/1963,3.01
17/01/1963,3.01
18/01/1963,3.03
21/01/1963,3.05
22/01/1963,3.06
23/01/1963,3.06
24/01/1963,3.07
25/01/1963,3.06
28/01/1963,3.05
29/01/1963,3.06
30/01/1963,3.06
31/01/1963,3.03
01/02/1963,3.03
04/02/1963,3.02
05/02/1963,3.02
06/02/1963,3.01
07/02/1963,2.98
08/02/1963,2.98
11/02/1963,2.99
13/02/1963,3
14/02/1963,3
15/02/1963,3
18/02/1963,2.99
19/02/1963,3.02
20/02/1963,3.01
21/02/1963,3.01
25/02/1963,3.03
26/02/1963,3.04
27/02/1963,3.04
28/02/1963,3.02
01/03/1963,3
04/03/1963,2.98
05/03/1963,2.98
06/03/1963,2.99
07/03/1963,2.98
08/03/1963,3
11/03/1963,3.01
12/03/1963,3
13/03/1963,3
14/03/1963,2.99
15/03/1963,3
18/03/1963,3.02
19/03/1963,3.04
20/03/1963,3.06
21/03/1963,3.06
22/03/1963,3.06
25/03/1963,3.08
26/03/1963,3.1
27/03/1963,3.11
28/03/1963,3.11
29/03/1963,3.09
01/04/1963,3.1
02/04/1963,3.09
03/04/1963,3.08
04/04/1963,3.07
05/04/1963,3.07
08/04/1963,3.09
09/04/1963,3.09
10/04/1963,3.11
11/04/1963,3.11
15/04/1963,3.14
16/04/1963,3.15
17/04/1963,3.15
18/04/1963,3.14
19/04/1963,3.14
22/04/1963,3.14
23/04/1963,3.14
24/04/1963,3.14
25/04/1963,3.12
26/04/1963,3.12
29/04/1963,3.11
30/04/1963,3.11
01/05/1963,3.11
02/05/1963,3.1
03/05/1963,3.1
06/05/1963,3.1
07/05/1963,3.08
08/05/1963,3.09
09/05/1963,3.09
10/05/1963,3.09
13/05/1963,3.09
14/05/1963,3.09
15/05/1963,3.08
16/05/1963,3.08
17/05/1963,3.1
20/05/1963,3.12
21/05/1963,3.12
22/05/1963,3.11
23/05/1963,3.11
24/05/1963,3.15
27/05/1963,3.16
28/05/1963,3.21
29/05/1963,3.2
31/05/1963,3.2
03/06/1963,3.28
04/06/1963,3.24
05/06/1963,3.22
06/06/1963,3.2
07/06/1963,3.19
10/06/1963,3.17
11/06/1963,3.18
12/06/1963,3.18
13/06/1963,3.18
14/06/1963,3.19
17/06/1963,3.19
18/06/1963,3.2
19/06/1963,3.2
20/06/1963,3.18
21/06/1963,3.18
24/06/1963,3.19
25/06/1963,3.2
26/06/1963,3.19
27/06/1963,3.19
28/06/1963,3.19
01/07/1963,3.22
02/07/1963,3.28
03/07/1963,3.31
05/07/1963,3.35
08/07/1963,3.45
09/07/1963,3.51
10/07/1963,3.51
11/07/1963,3.52
12/07/1963,3.52
15/07/1963,3.53
16/07/1963,3.54
17/07/1963,3.6
18/07/1963,3.55
19/07/1963,3.53
22/07/1963,3.54
23/07/1963,3.55
24/07/1963,3.52
25/07/1963,3.48
26/07/1963,3.46
29/07/1963,3.48
30/07/1963,3.5
31/07/1963,3.5
01/08/1963,3.48
02/08/1963,3.47
05/08/1963,3.48
06/08/1963,3.48
07/08/1963,3.51
08/08/1963,3.51
09/08/1963,3.51
12/08/1963,3.52
13/08/1963,3.52
14/08/1963,3.53
15/08/1963,3.53
16/08/1963,3.54
19/08/1963,3.53
20/08/1963,3.54
21/08/1963,3.56
22/08/1963,3.56
23/08/1963,3.57
26/08/1963,3.57
27/08/1963,3.58
28/08/1963,3.58
29/08/1963,3.58
30/08/1963,3.59
03/09/1963,3.59
04/09/1963,3.57
05/09/1963,3.58
06/09/1963,3.58
09/09/1963,3.58
10/09/1963,3.57
11/09/1963,3.57
12/09/1963,3.57
13/09/1963,3.58
16/09/1963,3.58
17/09/1963,3.59
18/09/1963,3.58
19/09/1963,3.57
20/09/1963,3.56
23/09/1963,3.56
24/09/1963,3.56
25/09/1963,3.56
26/09/1963,3.57
27/09/1963,3.57
30/09/1963,3.59
01/10/1963,3.59
02/10/1963,3.59
03/10/1963,3.58
04/10/1963,3.59
07/10/1963,3.61
08/10/1963,3.62
09/10/1963,3.61
10/10/1963,3.6
11/10/1963,3.6
14/10/1963,3.61
15/10/1963,3.61
16/10/1963,3.62
17/10/1963,3.65
18/10/1963,3.7
21/10/1963,3.7
22/10/1963,3.7
23/10/1963,3.7
24/10/1963,3.67
25/10/1963,3.66
28/10/1963,3.66
29/10/1963,3.68
30/10/1963,3.68
31/10/1963,3.68
01/11/1963,3.69
04/11/1963,3.72
06/11/1963,3.75
07/11/1963,3.75
08/11/1963,3.76
12/11/1963,3.79
13/11/1963,3.77
14/11/1963,3.76
15/11/1963,3.74
18/11/1963,3.74
19/11/1963,3.73
20/11/1963,3.73
21/11/1963,3.73
22/11/1963,3.73
26/11/1963,3.73
27/11/1963,3.73
29/11/1963,3.74
02/12/1963,3.77
03/12/1963,3.78
04/12/1963,3.78
05/12/1963,3.78
06/12/1963,3.77
09/12/1963,3.79
10/12/1963,3.8
11/12/1963,3.79
12/12/1963,3.79
13/12/1963,3.81
16/12/1963,3.82
17/12/1963,3.84
18/12/1963,3.84
19/12/1963,3.83
20/12/1963,3.83
23/12/1963,3.84
24/12/1963,3.84
26/12/1963,3.84
27/12/1963,3.84
30/12/1963,3.83
31/12/1963,3.83
02/01/1964,3.84
03/01/1964,3.84
06/01/1964,3.82
07/01/1964,3.81
08/01/1964,3.81
09/01/1964,3.8
10/01/1964,3.8
13/01/1964,3.79
14/01/1964,3.79
15/01/1964,3.8
16/01/1964,3.78
17/01/1964,3.78
20/01/1964,3.76
21/01/1964,3.76
22/01/1964,3.77
23/01/1964,3.78
24/01/1964,3.79
27/01/1964,3.79
28/01/1964,3.79
29/01/1964,3.79
30/01/1964,3.78
31/01/1964,3.76
03/02/1964,3.74
04/02/1964,3.75
05/02/1964,3.74
06/02/1964,3.73
07/02/1964,3.73
10/02/1964,3.74
11/02/1964,3.76
13/02/1964,3.75
14/02/1964,3.75
17/02/1964,3.76
18/02/1964,3.77
19/02/1964,3.78
20/02/1964,3.79
24/02/1964,3.82
25/02/1964,3.84
26/02/1964,3.84
27/02/1964,3.88
28/02/1964,3.91
02/03/1964,3.91
03/03/1964,3.91
04/03/1964,3.91
05/03/1964,3.91
06/03/1964,3.9
09/03/1964,3.9
10/03/1964,3.9
11/03/1964,3.91
12/03/1964,3.89
13/03/1964,3.89
16/03/1964,3.9
17/03/1964,3.9
18/03/1964,3.9
19/03/1964,3.89
20/03/1964,3.89
23/03/1964,3.91
24/03/1964,3.95
25/03/1964,3.95
26/03/1964,3.94
30/03/1964,3.97
31/03/1964,3.94
01/04/1964,3.95
02/04/1964,3.95
03/04/1964,3.95
06/04/1964,3.95
07/04/1964,3.94
08/04/1964,3.93
09/04/1964,3.92
10/04/1964,3.93
13/04/1964,3.95
14/04/1964,3.95
15/04/1964,3.94
16/04/1964,3.9
17/04/1964,3.9
20/04/1964,3.9
21/04/1964,3.89
22/04/1964,3.87
23/04/1964,3.89
24/04/1964,3.89
27/04/1964,3.87
28/04/1964,3.86
29/04/1964,3.85
30/04/1964,3.84
01/05/1964,3.85
04/05/1964,3.85
05/05/1964,3.85
06/05/1964,3.88
07/05/1964,3.85
08/05/1964,3.85
11/05/1964,3.83
12/05/1964,3.82
13/05/1964,3.82
14/05/1964,3.82
15/05/1964,3.83
18/05/1964,3.83
19/05/1964,3.82
20/05/1964,3.85
21/05/1964,3.84
22/05/1964,3.84
25/05/1964,3.84
26/05/1964,3.83
27/05/1964,3.84
28/05/1964,3.84
01/06/1964,3.84
02/06/1964,3.84
03/06/1964,3.84
04/06/1964,3.83
05/06/1964,3.84
08/06/1964,3.84
09/06/1964,3.84
10/06/1964,3.85
11/06/1964,3.85
12/06/1964,3.85
15/06/1964,3.85
16/06/1964,3.85
17/06/1964,3.85
18/06/1964,3.85
19/06/1964,3.84
22/06/1964,3.82
23/06/1964,3.82
24/06/1964,3.82
25/06/1964,3.82
26/06/1964,3.81
29/06/1964,3.8
30/06/1964,3.78
01/07/1964,3.78
02/07/1964,3.78
06/07/1964,3.79
07/07/1964,3.79
08/07/1964,3.77
09/07/1964,3.71
10/07/1964,3.68
13/07/1964,3.68
14/07/1964,3.67
15/07/1964,3.67
16/07/1964,3.67
17/07/1964,3.68
20/07/1964,3.73
21/07/1964,3.72
22/07/1964,3.71
23/07/1964,3.7
24/07/1964,3.7
27/07/1964,3.7
28/07/1964,3.7
29/07/1964,3.71
30/07/1964,3.7
31/07/1964,3.69
03/08/1964,3.69
04/08/1964,3.7
05/08/1964,3.7
06/08/1964,3.71
07/08/1964,3.71
10/08/1964,3.73
11/08/1964,3.74
12/08/1964,3.74
13/08/1964,3.75
14/08/1964,3.74
17/08/1964,3.75
18/08/1964,3.74
19/08/1964,3.74
20/08/1964,3.77
21/08/1964,3.76
24/08/1964,3.77
25/08/1964,3.77
26/08/1964,3.76
27/08/1964,3.76
28/08/1964,3.78
31/08/1964,3.81
01/09/1964,3.83
02/09/1964,3.85
03/09/1964,3.84
04/09/1964,3.84
08/09/1964,3.86
09/09/1964,3.86
10/09/1964,3.86
11/09/1964,3.86
14/09/1964,3.86
15/09/1964,3.86
16/09/1964,3.85
17/09/1964,3.84
18/09/1964,3.82
21/09/1964,3.81
22/09/1964,3.8
23/09/1964,3.82
24/09/1964,3.83
25/09/1964,3.84
28/09/1964,3.84
29/09/1964,3.84
30/09/1964,3.84
01/10/1964,3.84
02/10/1964,3.85
05/10/1964,3.86
06/10/1964,3.86
07/10/1964,3.87
08/10/1964,3.86
09/10/1964,3.86
13/10/1964,3.86
14/10/1964,3.87
15/10/1964,3.87
16/10/1964,3.88
19/10/1964,3.87
20/10/1964,3.87
21/10/1964,3.87
22/10/1964,3.86
23/10/1964,3.86
26/10/1964,3.87
27/10/1964,3.87
28/10/1964,3.86
29/10/1964,3.87
30/10/1964,3.86
02/11/1964,3.86
04/11/1964,3.87
05/11/1964,3.86
06/11/1964,3.86
09/11/1964,3.85
10/11/1964,3.84
12/11/1964,3.84
13/11/1964,3.85
16/11/1964,3.85
17/11/1964,3.86
18/11/1964,3.86
19/11/1964,3.87
20/11/1964,3.87
23/11/1964,3.97
24/11/1964,4.01
25/11/1964,4.05
27/11/1964,4.07
30/11/1964,4.1
01/12/1964,4.12
02/12/1964,4.08
03/12/1964,4.03
04/12/1964,4.04
07/12/1964,4.04
08/12/1964,4.04
09/12/1964,4.04
10/12/1964,4.02
11/12/1964,4.02
14/12/1964,4.02
15/12/1964,3.99
16/12/1964,3.99
17/12/1964,3.98
18/12/1964,3.99
21/12/1964,4
22/12/1964,4
23/12/1964,4.03
24/12/1964,4.02
28/12/1964,4.03
29/12/1964,4.02
30/12/1964,3.99
31/12/1964,3.99
04/01/1965,3.96
05/01/1965,3.95
06/01/1965,3.92
07/01/1965,3.95
08/01/1965,3.93
11/01/1965,3.94
12/01/1965,3.95
13/01/1965,3.94
14/01/1965,3.94
15/01/1965,3.94
18/01/1965,3.95
19/01/1965,3.94
20/01/1965,3.94
21/01/1965,3.94
22/01/1965,3.93
25/01/1965,3.93
26/01/1965,3.93
27/01/1965,3.95
28/01/1965,3.95
29/01/1965,3.96
01/02/1965,3.96
02/02/1965,3.96
03/02/1965,3.98
04/02/1965,4
05/02/1965,4.02
08/02/1965,4.01
09/02/1965,4.01
10/02/1965,4.03
11/02/1965,4.03
15/02/1965,4.03
16/02/1965,4.03
17/02/1965,4.03
18/02/1965,4.03
19/02/1965,4.06
23/02/1965,4.06
24/02/1965,4.08
25/02/1965,4.08
26/02/1965,4.09
01/03/1965,4.09
02/03/1965,4.12
03/03/1965,4.11
04/03/1965,4.1
05/03/1965,4.1
08/03/1965,4.09
09/03/1965,4.09
10/03/1965,4.09
11/03/1965,4.08
12/03/1965,4.06
15/03/1965,4.05
16/03/1965,4.04
17/03/1965,4.04
18/03/1965,4.04
19/03/1965,4.05
22/03/1965,4.04
23/03/1965,4.04
24/03/1965,4.04
25/03/1965,4.04
26/03/1965,4.04
29/03/1965,4.04
30/03/1965,4.04
31/03/1965,4.03
01/04/1965,4.03
02/04/1965,4.04
05/04/1965,4.04
06/04/1965,4.04
07/04/1965,4.04
08/04/1965,4.03
09/04/1965,4.03
12/04/1965,4.03
13/04/1965,4.03
14/04/1965,4.03
15/04/1965,4.04
19/04/1965,4.04
20/04/1965,4.04
21/04/1965,4.04
22/04/1965,4.04
23/04/1965,4.04
26/04/1965,4.04
27/04/1965,4.04
28/04/1965,4.03
29/04/1965,4.04
30/04/1965,4.04
03/05/1965,4.03
04/05/1965,4.03
05/05/1965,4.03
06/05/1965,4.03
07/05/1965,4.03
10/05/1965,4.03
11/05/1965,4.02
12/05/1965,4.02
13/05/1965,4.02
14/05/1965,4.02
17/05/1965,4.02
18/05/1965,4.03
19/05/1965,4.04
20/05/1965,4.04
21/05/1965,4.04
24/05/1965,4.04
25/05/1965,4.03
26/05/1965,4.03
27/05/1965,4.04
28/05/1965,4.04
01/06/1965,4.04
02/06/1965,4.04
03/06/1965,4.02
04/06/1965,4.03
07/06/1965,4.03
08/06/1965,4.03
09/06/1965,4.03
10/06/1965,4.04
11/06/1965,4.01
14/06/1965,4.02
15/06/1965,4
16/06/1965,4
17/06/1965,3.98
18/06/1965,3.98
21/06/1965,3.95
22/06/1965,3.95
23/06/1965,3.94
24/06/1965,3.92
25/06/1965,3.92
28/06/1965,3.93
29/06/1965,3.95
30/06/1965,3.96
01/07/1965,3.97
02/07/1965,3.98
06/07/1965,3.98
07/07/1965,3.99
08/07/1965,3.98
09/07/1965,3.97
12/07/1965,3.98
13/07/1965,3.98
14/07/1965,3.99
15/07/1965,3.98
16/07/1965,3.98
19/07/1965,3.98
20/07/1965,3.98
21/07/1965,3.98
22/07/1965,3.98
23/07/1965,3.98
26/07/1965,3.98
27/07/1965,3.99
28/07/1965,4
29/07/1965,4.01
30/07/1965,4.02
02/08/1965,4.02
03/08/1965,4.02
04/08/1965,4.02
05/08/1965,4.03
06/08/1965,4.04
09/08/1965,4.04
10/08/1965,4.04
11/08/1965,4.05
12/08/1965,4.05
13/08/1965,4.05
16/08/1965,4.06
17/08/1965,4.07
18/08/1965,4.08
19/08/1965,4.08
20/08/1965,4.08
23/08/1965,4.08
24/08/1965,4.09
25/08/1965,4.1
26/08/1965,4.11
27/08/1965,4.12
30/08/1965,4.15
31/08/1965,4.13
01/09/1965,4.13
02/09/1965,4.15
03/09/1965,4.13
07/09/1965,4.13
08/09/1965,4.15
09/09/1965,4.15
10/09/1965,4.15
13/09/1965,4.15
14/09/1965,4.15
15/09/1965,4.17
16/09/1965,4.18
17/09/1965,4.18
20/09/1965,4.18
21/09/1965,4.19
22/09/1965,4.19
23/09/1965,4.25
24/09/1965,4.31
27/09/1965,4.29
28/09/1965,4.33
29/09/1965,4.38
30/09/1965,4.36
01/10/1965,4.37
04/10/1965,4.32
05/10/1965,4.3
06/10/1965,4.29
07/10/1965,4.28
08/10/1965,4.28
11/10/1965,4.27
13/10/1965,4.25
14/10/1965,4.23
15/10/1965,4.28
18/10/1965,4.29
19/10/1965,4.29
20/10/1965,4.29
21/10/1965,4.3
22/10/1965,4.3
25/10/1965,4.31
26/10/1965,4.32
27/10/1965,4.33
28/10/1965,4.33
29/10/1965,4.33
01/11/1965,4.35
03/11/1965,4.36
04/11/1965,4.38
05/11/1965,4.38
08/11/1965,4.38
09/11/1965,4.39
10/11/1965,4.38
12/11/1965,4.37
15/11/1965,4.36
16/11/1965,4.36
17/11/1965,4.35
18/11/1965,4.35
19/11/1965,4.37
22/11/1965,4.38
23/11/1965,4.38
24/11/1965,4.39
26/11/1965,4.39
29/11/1965,4.4
30/11/1965,4.4
01/12/1965,4.42
02/12/1965,4.43
03/12/1965,4.42
06/12/1965,4.61
07/12/1965,4.6
08/12/1965,4.61
09/12/1965,4.62
10/12/1965,4.62
13/12/1965,4.68
14/12/1965,4.71
15/12/1965,4.72
16/12/1965,4.74
17/12/1965,4.79
20/12/1965,4.77
21/12/1965,4.78
22/12/1965,4.81
23/12/1965,4.88
27/12/1965,4.89
28/12/1965,4.89
29/12/1965,4.91
30/12/1965,4.92
31/12/1965,4.96
03/01/1966,4.94
04/01/1966,4.93
05/01/1966,4.9
06/01/1966,4.87
07/01/1966,4.86
10/01/1966,4.86
11/01/1966,4.88
12/01/1966,4.85
13/01/1966,4.87
14/01/1966,4.89
17/01/1966,4.9
18/01/1966,4.88
19/01/1966,4.85
20/01/1966,4.85
21/01/1966,4.84
24/01/1966,4.85
25/01/1966,4.86
26/01/1966,4.88
27/01/1966,4.88
28/01/1966,4.88
31/01/1966,4.89
01/02/1966,4.88
02/02/1966,4.89
03/02/1966,4.88
04/02/1966,4.88
07/02/1966,4.9
08/02/1966,4.9
09/02/1966,4.9
10/02/1966,4.94
11/02/1966,4.95
14/02/1966,4.97
15/02/1966,4.97
16/02/1966,4.99
17/02/1966,4.96
18/02/1966,4.94
21/02/1966,4.97
23/02/1966,4.98
24/02/1966,4.98
25/02/1966,5.01
28/02/1966,5.01
01/03/1966,5.01
02/03/1966,5.02
03/03/1966,5.01
04/03/1966,5
07/03/1966,5.01
08/03/1966,5
09/03/1966,4.99
10/03/1966,5.01
11/03/1966,5.05
14/03/1966,5.04
15/03/1966,5
16/03/1966,4.99
17/03/1966,4.99
18/03/1966,4.96
21/03/1966,4.93
22/03/1966,4.92
23/03/1966,4.87
24/03/1966,4.9
25/03/1966,4.96
28/03/1966,4.95
29/03/1966,4.93
30/03/1966,4.88
31/03/1966,4.9
01/04/1966,4.89
04/04/1966,4.87
05/04/1966,4.86
06/04/1966,4.87
07/04/1966,4.89
11/04/1966,4.91
12/04/1966,4.9
13/04/1966,4.9
14/04/1966,4.9
15/04/1966,4.92
18/04/1966,4.9
19/04/1966,4.9
20/04/1966,4.91
21/04/1966,4.91
22/04/1966,4.89
25/04/1966,4.9
26/04/1966,4.92
27/04/1966,4.92
28/04/1966,4.92
29/04/1966,4.91
02/05/1966,4.92
03/05/1966,4.92
04/05/1966,4.93
05/05/1966,4.94
06/05/1966,4.93
09/05/1966,4.9
10/05/1966,4.89
11/05/1966,4.89
12/05/1966,4.89
13/05/1966,4.9
16/05/1966,4.9
17/05/1966,4.89
18/05/1966,4.89
19/05/1966,4.89
20/05/1966,4.92
23/05/1966,4.94
24/05/1966,4.98
25/05/1966,5
26/05/1966,5.03
27/05/1966,5.04
31/05/1966,5.04
01/06/1966,5.04
02/06/1966,5.02
03/06/1966,5.02
06/06/1966,5.03
07/06/1966,5.03
08/06/1966,5.03
09/06/1966,5.04
10/06/1966,5.04
13/06/1966,5.03
14/06/1966,5
15/06/1966,4.98
16/06/1966,4.96
17/06/1966,4.96
20/06/1966,4.93
21/06/1966,4.89
22/06/1966,4.86
23/06/1966,4.8
24/06/1966,4.85
27/06/1966,4.86
28/06/1966,4.91
29/06/1966,4.91
30/06/1966,5.05
01/07/1966,5.05
05/07/1966,5.05
06/07/1966,5.05
07/07/1966,5.07
08/07/1966,5.1
11/07/1966,5.16
12/07/1966,5.18
13/07/1966,5.19
14/07/1966,5.22
15/07/1966,5.24
18/07/1966,5.23
19/07/1966,5.22
20/07/1966,5.22
21/07/1966,5.22
22/07/1966,5.21
25/07/1966,5.2
26/07/1966,5.2
27/07/1966,5.2
28/07/1966,5.2
29/07/1966,5.24
01/08/1966,5.23
02/08/1966,5.22
03/08/1966,5.23
04/08/1966,5.24
05/08/1966,5.25
08/08/1966,5.26
09/08/1966,5.3
10/08/1966,5.33
11/08/1966,5.37
12/08/1966,5.39
15/08/1966,5.44
16/08/1966,5.52
17/08/1966,5.62
18/08/1966,5.66
19/08/1966,5.72
22/08/1966,5.7
23/08/1966,5.73
24/08/1966,5.76
25/08/1966,5.84
26/08/1966,5.91
29/08/1966,5.99
30/08/1966,5.97
31/08/1966,5.84
01/09/1966,5.83
02/09/1966,5.83
06/09/1966,5.8
07/09/1966,5.8
08/09/1966,5.8
09/09/1966,5.81
12/09/1966,5.92
13/09/1966,5.89
14/09/1966,5.89
15/09/1966,5.94
16/09/1966,5.93
19/09/1966,5.95
20/09/1966,5.92
21/09/1966,5.86
22/09/1966,5.86
23/09/1966,5.83
26/09/1966,5.8
27/09/1966,5.73
28/09/1966,5.69
29/09/1966,5.56
30/09/1966,5.62
03/10/1966,5.69
04/10/1966,5.66
05/10/1966,5.61
06/10/1966,5.55
07/10/1966,5.57
10/10/1966,5.59
11/10/1966,5.58
13/10/1966,5.61
14/10/1966,5.63
17/10/1966,5.6
18/10/1966,5.58
19/10/1966,5.58
20/10/1966,5.59
21/10/1966,5.54
24/10/1966,5.55
25/10/1966,5.53
26/10/1966,5.55
27/10/1966,5.56
28/10/1966,5.52
31/10/1966,5.5
01/11/1966,5.53
02/11/1966,5.57
03/11/1966,5.56
04/11/1966,5.56
07/11/1966,5.6
09/11/1966,5.6
10/11/1966,5.62
14/11/1966,5.62
15/11/1966,5.58
16/11/1966,5.58
17/11/1966,5.59
18/11/1966,5.57
21/11/1966,5.47
22/11/1966,5.49
23/11/1966,5.5
25/11/1966,5.5
28/11/1966,5.48
29/11/1966,5.43
30/11/1966,5.45
01/12/1966,5.45
02/12/1966,5.42
05/12/1966,5.45
06/12/1966,5.45
07/12/1966,5.44
08/12/1966,5.48
09/12/1966,5.38
12/12/1966,5.31
13/12/1966,5.25
14/12/1966,5.21
15/12/1966,5.12
16/12/1966,5.1
19/12/1966,5.06
20/12/1966,5.04
21/12/1966,5.04
22/12/1966,5.04
23/12/1966,5.03
27/12/1966,5.04
28/12/1966,4.99
29/12/1966,5
30/12/1966,5
03/01/1967,5
04/01/1967,4.96
05/01/1967,4.89
06/01/1967,4.85
09/01/1967,4.85
10/01/1967,4.84
11/01/1967,4.71
12/01/1967,4.72
13/01/1967,4.71
16/01/1967,4.68
17/01/1967,4.68
18/01/1967,4.69
19/01/1967,4.71
20/01/1967,4.71
23/01/1967,4.7
24/01/1967,4.75
25/01/1967,4.75
26/01/1967,4.64
27/01/1967,4.62
30/01/1967,4.59
31/01/1967,4.62
01/02/1967,4.64
02/02/1967,4.6
03/02/1967,4.6
06/02/1967,4.59
07/02/1967,4.62
08/02/1967,4.62
09/02/1967,4.62
10/02/1967,4.68
14/02/1967,4.7
15/02/1967,4.75
16/02/1967,4.77
17/02/1967,4.8
20/02/1967,4.82
21/02/1967,4.82
23/02/1967,4.85
24/02/1967,4.81
27/02/1967,4.79
28/02/1967,4.76
01/03/1967,4.67
02/03/1967,4.62
03/03/1967,4.61
06/03/1967,4.6
07/03/1967,4.59
08/03/1967,4.59
09/03/1967,4.51
10/03/1967,4.51
13/03/1967,4.42
14/03/1967,4.39
15/03/1967,4.29
16/03/1967,4.18
17/03/1967,4.2
20/03/1967,4.18
21/03/1967,4.2
22/03/1967,4.23
23/03/1967,4.17
27/03/1967,4.15
28/03/1967,4.16
29/03/1967,4.16
30/03/1967,4.16
31/03/1967,4.13
03/04/1967,4.13
04/04/1967,4.11
05/04/1967,4.13
06/04/1967,4.1
07/04/1967,4.07
10/04/1967,4.07
11/04/1967,4.08
12/04/1967,4.08
13/04/1967,4.09
14/04/1967,4.11
17/04/1967,4.12
18/04/1967,4.12
19/04/1967,4.12
20/04/1967,4.1
21/04/1967,4.1
24/04/1967,4.1
25/04/1967,4.11
26/04/1967,4.1
27/04/1967,4.12
28/04/1967,4.14
01/05/1967,4.14
02/05/1967,4.14
03/05/1967,4.13
04/05/1967,4.11
05/05/1967,4.12
08/05/1967,4.14
09/05/1967,4.15
10/05/1967,4.15
11/05/1967,4.13
12/05/1967,4.14
15/05/1967,4.14
16/05/1967,4.16
17/05/1967,4.16
18/05/1967,4.14
19/05/1967,4.15
22/05/1967,4.17
23/05/1967,4.18
24/05/1967,4.18
25/05/1967,4.19
26/05/1967,4.19
29/05/1967,4.21
31/05/1967,4.18
01/06/1967,4.17
02/06/1967,4.19
05/06/1967,4.23
06/06/1967,4.21
07/06/1967,4.21
08/06/1967,4.23
09/06/1967,4.26
12/06/1967,4.36
13/06/1967,4.39
14/06/1967,4.5
15/06/1967,4.49
16/06/1967,4.53
19/06/1967,4.52
20/06/1967,4.59
21/06/1967,4.58
22/06/1967,4.53
23/06/1967,4.54
26/06/1967,4.57
27/06/1967,4.72
28/06/1967,4.8
29/06/1967,4.88
30/06/1967,4.97
03/07/1967,5.02
05/07/1967,5.01
06/07/1967,4.96
07/07/1967,5.01
10/07/1967,4.99
11/07/1967,4.94
12/07/1967,4.92
13/07/1967,4.92
14/07/1967,4.92
17/07/1967,4.94
18/07/1967,4.94
19/07/1967,4.96
20/07/1967,5.02
21/07/1967,5.06
24/07/1967,5.14
25/07/1967,5.15
26/07/1967,5.07
27/07/1967,5.09
28/07/1967,5.07
31/07/1967,5.05
01/08/1967,5.09
02/08/1967,5.1
03/08/1967,5.08
04/08/1967,5.11
07/08/1967,5.13
08/08/1967,5.14
09/08/1967,5.12
10/08/1967,5.14
11/08/1967,5.14
14/08/1967,5.1
15/08/1967,5.1
16/08/1967,5.1
17/08/1967,5.11
18/08/1967,5.1
21/08/1967,5.1
22/08/1967,5.11
23/08/1967,5.15
24/08/1967,5.18
25/08/1967,5.18
28/08/1967,5.18
29/08/1967,5.16
30/08/1967,5.19
31/08/1967,5.2
01/09/1967,5.19
05/09/1967,5.16
06/09/1967,5.16
07/09/1967,5.17
08/09/1967,5.2
11/09/1967,5.21
12/09/1967,5.22
13/09/1967,5.2
14/09/1967,5.21
15/09/1967,5.21
18/09/1967,5.23
19/09/1967,5.27
20/09/1967,5.27
21/09/1967,5.29
22/09/1967,5.29
25/09/1967,5.33
26/09/1967,5.32
27/09/1967,5.32
28/09/1967,5.31
29/09/1967,5.27
02/10/1967,5.29
03/10/1967,5.29
04/10/1967,5.31
05/10/1967,5.31
06/10/1967,5.3
09/10/1967,5.3
10/10/1967,5.33
11/10/1967,5.34
13/10/1967,5.35
16/10/1967,5.37
17/10/1967,5.41
18/10/1967,5.41
19/10/1967,5.43
20/10/1967,5.41
23/10/1967,5.41
24/10/1967,5.42
25/10/1967,5.42
26/10/1967,5.44
27/10/1967,5.43
30/10/1967,5.43
31/10/1967,5.47
01/11/1967,5.5
02/11/1967,5.51
03/11/1967,5.56
06/11/1967,5.62
08/11/1967,5.62
09/11/1967,5.64
10/11/1967,5.64
13/11/1967,5.68
14/11/1967,5.63
15/11/1967,5.6
16/11/1967,5.56
17/11/1967,5.56
20/11/1967,5.72
21/11/1967,5.62
22/11/1967,5.58
24/11/1967,5.63
27/11/1967,5.63
28/11/1967,5.6
29/11/1967,5.6
30/11/1967,5.65
01/12/1967,5.7
04/12/1967,5.73
05/12/1967,5.71
06/12/1967,5.7
07/12/1967,5.69
08/12/1967,5.7
11/12/1967,5.71
12/12/1967,5.71
13/12/1967,5.69
14/12/1967,5.69
15/12/1967,5.72
18/12/1967,5.71
19/12/1967,5.68
20/12/1967,5.68
21/12/1967,5.7
22/12/1967,5.73
26/12/1967,5.72
27/12/1967,5.7
28/12/1967,5.76
29/12/1967,5.76
02/01/1968,5.71
03/01/1968,5.68
04/01/1968,5.59
05/01/1968,5.55
08/01/1968,5.55
09/01/1968,5.55
10/01/1968,5.45
11/01/1968,5.38
12/01/1968,5.37
15/01/1968,5.34
16/01/1968,5.33
17/01/1968,5.3
18/01/1968,5.36
19/01/1968,5.4
22/01/1968,5.41
23/01/1968,5.37
24/01/1968,5.37
25/01/1968,5.33
26/01/1968,5.37
29/01/1968,5.31
30/01/1968,5.35
31/01/1968,5.36
01/02/1968,5.37
02/02/1968,5.36
05/02/1968,5.4
06/02/1968,5.42
07/02/1968,5.42
08/02/1968,5.45
09/02/1968,5.45
13/02/1968,5.41
14/02/1968,5.41
15/02/1968,5.42
16/02/1968,5.37
19/02/1968,5.41
20/02/1968,5.41
21/02/1968,5.41
23/02/1968,5.41
26/02/1968,5.44
27/02/1968,5.45
28/02/1968,5.44
29/02/1968,5.43
01/03/1968,5.43
04/03/1968,5.44
05/03/1968,5.44
06/03/1968,5.45
07/03/1968,5.49
08/03/1968,5.53
11/03/1968,5.53
12/03/1968,5.55
13/03/1968,5.62
14/03/1968,5.74
15/03/1968,5.69
18/03/1968,5.67
19/03/1968,5.67
20/03/1968,5.65
21/03/1968,5.65
22/03/1968,5.64
25/03/1968,5.62
26/03/1968,5.61
27/03/1968,5.6
28/03/1968,5.6
29/03/1968,5.59
01/04/1968,5.54
02/04/1968,5.52
03/04/1968,5.44
04/04/1968,5.49
05/04/1968,5.5
08/04/1968,5.51
10/04/1968,5.51
11/04/1968,5.59
15/04/1968,5.64
16/04/1968,5.66
17/04/1968,5.67
18/04/1968,5.73
19/04/1968,5.9
22/04/1968,5.95
23/04/1968,5.88
24/04/1968,5.88
25/04/1968,5.9
26/04/1968,5.92
29/04/1968,5.98
30/04/1968,6
01/05/1968,6
02/05/1968,5.99
03/05/1968,6.08
06/05/1968,6.08
07/05/1968,6.04
08/05/1968,6.05
09/05/1968,6.03
10/05/1968,6.03
13/05/1968,6.03
14/05/1968,6.07
15/05/1968,6.09
16/05/1968,6.22
17/05/1968,6.25
20/05/1968,6.32
21/05/1968,6.39
22/05/1968,6.39
23/05/1968,6.27
24/05/1968,6.21
27/05/1968,6.15
28/05/1968,6.19
29/05/1968,6.19
31/05/1968,6.06
03/06/1968,6.02
04/06/1968,6.03
05/06/1968,6.04
06/06/1968,6.05
07/06/1968,6.05
10/06/1968,6.05
11/06/1968,6.06
12/06/1968,6.04
13/06/1968,6.03
14/06/1968,6
17/06/1968,6
18/06/1968,5.99
19/06/1968,5.95
20/06/1968,5.87
21/06/1968,5.87
24/06/1968,5.88
25/06/1968,5.94
26/06/1968,5.95
27/06/1968,5.92
28/06/1968,5.91
01/07/1968,5.9
02/07/1968,5.85
03/07/1968,5.8
05/07/1968,5.8
08/07/1968,5.71
09/07/1968,5.66
10/07/1968,5.69
11/07/1968,5.7
12/07/1968,5.73
15/07/1968,5.75
16/07/1968,5.75
17/07/1968,5.69
18/07/1968,5.65
19/07/1968,5.62
22/07/1968,5.55
23/07/1968,5.5
24/07/1968,5.53
25/07/1968,5.47
26/07/1968,5.47
29/07/1968,5.49
30/07/1968,5.51
31/07/1968,5.5
01/08/1968,5.3
02/08/1968,5.28
05/08/1968,5.34
06/08/1968,5.43
07/08/1968,5.37
08/08/1968,5.37
09/08/1968,5.38
12/08/1968,5.45
13/08/1968,5.48
14/08/1968,5.5
15/08/1968,5.54
16/08/1968,5.44
19/08/1968,5.45
20/08/1968,5.45
21/08/1968,5.46
22/08/1968,5.52
23/08/1968,5.46
26/08/1968,5.45
27/08/1968,5.44
28/08/1968,5.44
29/08/1968,5.44
30/08/1968,5.43
03/09/1968,5.42
04/09/1968,5.41
05/09/1968,5.43
06/09/1968,5.44
09/09/1968,5.49
10/09/1968,5.51
11/09/1968,5.52
12/09/1968,5.51
13/09/1968,5.46
16/09/1968,5.45
17/09/1968,5.44
18/09/1968,5.42
19/09/1968,5.42
20/09/1968,5.43
23/09/1968,5.44
24/09/1968,5.4
25/09/1968,5.41
26/09/1968,5.43
27/09/1968,5.43
30/09/1968,5.44
01/10/1968,5.45
02/10/1968,5.46
03/10/1968,5.46
04/10/1968,5.47
07/10/1968,5.53
08/10/1968,5.56
09/10/1968,5.6
10/10/1968,5.59
11/10/1968,5.56
14/10/1968,5.58
15/10/1968,5.62
16/10/1968,5.58
17/10/1968,5.54
18/10/1968,5.52
21/10/1968,5.55
22/10/1968,5.56
23/10/1968,5.58
24/10/1968,5.63
25/10/1968,5.63
28/10/1968,5.65
29/10/1968,5.66
30/10/1968,5.68
31/10/1968,5.66
01/11/1968,5.66
04/11/1968,5.71
06/11/1968,5.71
07/11/1968,5.71
08/11/1968,5.74
12/11/1968,5.77
13/11/1968,5.74
14/11/1968,5.73
15/11/1968,5.75
18/11/1968,5.8
19/11/1968,5.8
20/11/1968,5.77
21/11/1968,5.75
22/11/1968,5.75
25/11/1968,5.75
26/11/1968,5.75
27/11/1968,5.76
29/11/1968,5.78
02/12/1968,5.86
03/12/1968,5.96
04/12/1968,6.01
05/12/1968,5.98
06/12/1968,5.97
09/12/1968,5.99
10/12/1968,6
11/12/1968,6.04
12/12/1968,6.05
13/12/1968,6.04
16/12/1968,6.06
17/12/1968,6.09
18/12/1968,6.2
19/12/1968,6.3
20/12/1968,6.53
23/12/1968,6.64
24/12/1968,6.62
26/12/1968,6.38
27/12/1968,6.41
30/12/1968,6.47
31/12/1968,6.46
02/01/1969,6.42
03/01/1969,6.42
06/01/1969,6.46
07/01/1969,6.58
08/01/1969,6.51
09/01/1969,6.46
10/01/1969,6.43
13/01/1969,6.41
14/01/1969,6.37
15/01/1969,6.31
16/01/1969,6.18
17/01/1969,6.19
20/01/1969,6.16
21/01/1969,6.2
22/01/1969,6.26
23/01/1969,6.25
24/01/1969,6.24
27/01/1969,6.26
28/01/1969,6.27
29/01/1969,6.3
30/01/1969,6.38
31/01/1969,6.41
03/02/1969,6.42
04/02/1969,6.39
05/02/1969,6.41
06/02/1969,6.43
07/02/1969,6.42
10/02/1969,6.42
11/02/1969,6.4
13/02/1969,6.37
14/02/1969,6.38
17/02/1969,6.4
18/02/1969,6.42
19/02/1969,6.42
20/02/1969,6.43
21/02/1969,6.4
24/02/1969,6.4
25/02/1969,6.4
26/02/1969,6.4
27/02/1969,6.46
28/02/1969,6.47
03/03/1969,6.48
04/03/1969,6.44
05/03/1969,6.42
06/03/1969,6.43
07/03/1969,6.43
10/03/1969,6.41
11/03/1969,6.37
12/03/1969,6.31
13/03/1969,6.32
14/03/1969,6.29
17/03/1969,6.35
18/03/1969,6.33
19/03/1969,6.3
20/03/1969,6.3
21/03/1969,6.28
24/03/1969,6.26
25/03/1969,6.27
26/03/1969,6.27
27/03/1969,6.28
28/03/1969,6.27
01/04/1969,6.24
02/04/1969,6.25
03/04/1969,6.25
07/04/1969,6.31
08/04/1969,6.24
09/04/1969,6.23
10/04/1969,6.23
11/04/1969,6.22
14/04/1969,6.19
15/04/1969,6.25
16/04/1969,6.23
17/04/1969,6.28
18/04/1969,6.29
21/04/1969,6.29
22/04/1969,6.28
23/04/1969,6.28
24/04/1969,6.29
25/04/1969,6.27
28/04/1969,6.26
29/04/1969,6.26
30/04/1969,6.26
01/05/1969,6.32
02/05/1969,6.33
05/05/1969,6.31
06/05/1969,6.32
07/05/1969,6.33
08/05/1969,6.34
09/05/1969,6.42
12/05/1969,6.45
13/05/1969,6.42
14/05/1969,6.38
15/05/1969,6.4
16/05/1969,6.43
19/05/1969,6.46
20/05/1969,6.44
21/05/1969,6.39
22/05/1969,6.4
23/05/1969,6.43
26/05/1969,6.48
27/05/1969,6.58
28/05/1969,6.63
29/05/1969,6.64
02/06/1969,6.65
03/06/1969,6.69
04/06/1969,6.78
05/06/1969,6.91
06/06/1969,6.94
09/06/1969,7.18
10/06/1969,7.08
11/06/1969,7.15
12/06/1969,7.07
13/06/1969,6.96
16/06/1969,6.85
17/06/1969,6.85
18/06/1969,6.87
19/06/1969,6.95
20/06/1969,7.05
23/06/1969,7.1
24/06/1969,7.24
25/06/1969,7.3
26/06/1969,7.29
27/06/1969,7.39
30/06/1969,7.58
01/07/1969,7.67
02/07/1969,7.77
03/07/1969,7.73
07/07/1969,7.76
08/07/1969,7.71
09/07/1969,7.76
10/07/1969,7.68
11/07/1969,7.5
14/07/1969,7.59
15/07/1969,7.6
16/07/1969,7.48
17/07/1969,7.49
18/07/1969,7.5
22/07/1969,7.53
23/07/1969,7.53
24/07/1969,7.53
25/07/1969,7.54
28/07/1969,7.6
29/07/1969,7.59
30/07/1969,7.56
31/07/1969,7.57
01/08/1969,7.58
04/08/1969,7.5
05/08/1969,7.45
06/08/1969,7.47
07/08/1969,7.47
08/08/1969,7.51
11/08/1969,7.58
12/08/1969,7.62
13/08/1969,7.63
14/08/1969,7.54
15/08/1969,7.54
18/08/1969,7.44
19/08/1969,7.41
20/08/1969,7.41
21/08/1969,7.45
22/08/1969,7.53
25/08/1969,7.57
26/08/1969,7.63
27/08/1969,7.64
28/08/1969,7.68
29/08/1969,7.64
02/09/1969,7.7
03/09/1969,7.76
04/09/1969,7.75
05/09/1969,7.74
08/09/1969,7.81
09/09/1969,7.8
10/09/1969,7.79
11/09/1969,7.79
12/09/1969,7.8
15/09/1969,7.82
16/09/1969,7.82
17/09/1969,7.79
18/09/1969,7.83
19/09/1969,7.81
22/09/1969,7.8
23/09/1969,7.78
24/09/1969,7.81
25/09/1969,7.84
26/09/1969,7.94
29/09/1969,7.96
30/09/1969,8.01
01/10/1969,8.03
02/10/1969,7.95
03/10/1969,7.91
06/10/1969,7.87
07/10/1969,7.84
08/10/1969,7.79
09/10/1969,7.83
10/10/1969,7.77
14/10/1969,7.66
15/10/1969,7.67
16/10/1969,7.59
17/10/1969,7.47
20/10/1969,7.36
21/10/1969,7.29
22/10/1969,7.37
23/10/1969,7.48
24/10/1969,7.47
27/10/1969,7.47
28/10/1969,7.53
29/10/1969,7.55
30/10/1969,7.57
31/10/1969,7.58
03/11/1969,7.57
05/11/1969,7.67
06/11/1969,7.74
07/11/1969,7.73
10/11/1969,7.74
12/11/1969,7.79
13/11/1969,7.84
14/11/1969,7.83
17/11/1969,7.88
18/11/1969,7.96
19/11/1969,7.99
20/11/1969,8.1
21/11/1969,8.12
24/11/1969,8.07
25/11/1969,8.01
26/11/1969,8.05
28/11/1969,8.04
01/12/1969,7.93
02/12/1969,7.97
03/12/1969,8.05
04/12/1969,8.06
05/12/1969,8.07
08/12/1969,8.12
09/12/1969,8.18
10/12/1969,8.21
11/12/1969,8.18
12/12/1969,8.13
15/12/1969,8.11
16/12/1969,8.16
17/12/1969,8.16
18/12/1969,8.21
19/12/1969,8.2
22/12/1969,8.18
23/12/1969,8.22
24/12/1969,8.22
26/12/1969,8.23
29/12/1969,8.4
30/12/1969,8.36
31/12/1969,8.32
02/01/1970,8.28
05/01/1970,8.21
06/01/1970,8.22
07/01/1970,8.23
08/01/1970,8.18
09/01/1970,8.08
12/01/1970,8.02
13/01/1970,7.98
14/01/1970,7.98
15/01/1970,8.04
16/01/1970,8
19/01/1970,7.97
20/01/1970,8
21/01/1970,8.03
22/01/1970,8.07
23/01/1970,8.11
26/01/1970,8.12
27/01/1970,8.14
28/01/1970,8.15
29/01/1970,8.2
30/01/1970,8.15
02/02/1970,8.04
03/02/1970,7.92
04/02/1970,7.94
05/02/1970,7.96
06/02/1970,7.84
09/02/1970,7.76
10/02/1970,7.78
11/02/1970,7.77
13/02/1970,7.57
16/02/1970,7.52
17/02/1970,7.47
18/02/1970,7.4
19/02/1970,7.36
20/02/1970,7.4
24/02/1970,7.35
25/02/1970,7.27
26/02/1970,7.1
27/02/1970,7.11
02/03/1970,7.14
03/03/1970,7.13
04/03/1970,7.07
05/03/1970,7
06/03/1970,6.91
09/03/1970,6.9
10/03/1970,6.9
11/03/1970,6.97
12/03/1970,7.03
13/03/1970,7.1
16/03/1970,7.06
17/03/1970,7.13
18/03/1970,7.1
19/03/1970,6.93
20/03/1970,6.92
23/03/1970,6.83
24/03/1970,6.77
25/03/1970,6.73
26/03/1970,6.81
30/03/1970,6.95
31/03/1970,6.9
01/04/1970,6.82
02/04/1970,6.81
03/04/1970,6.82
06/04/1970,6.84
07/04/1970,6.84
08/04/1970,6.82
09/04/1970,6.8
10/04/1970,6.75
13/04/1970,6.77
14/04/1970,6.81
15/04/1970,6.86
16/04/1970,6.94
17/04/1970,6.96
20/04/1970,6.99
21/04/1970,7.05
22/04/1970,7.1
23/04/1970,7.2
24/04/1970,7.56
27/04/1970,7.61
28/04/1970,7.58
29/04/1970,7.56
30/04/1970,7.72
01/05/1970,7.76
04/05/1970,7.84
05/05/1970,7.77
06/05/1970,7.69
07/05/1970,7.62
08/05/1970,7.68
11/05/1970,7.8
12/05/1970,7.79
13/05/1970,7.77
14/05/1970,7.78
15/05/1970,7.75
18/05/1970,7.71
19/05/1970,7.69
20/05/1970,7.7
21/05/1970,7.72
22/05/1970,7.79
25/05/1970,7.94
26/05/1970,7.88
27/05/1970,7.76
28/05/1970,7.68
29/05/1970,7.65
01/06/1970,7.55
02/06/1970,7.57
03/06/1970,7.57
04/06/1970,7.57
05/06/1970,7.6
08/06/1970,7.58
09/06/1970,7.58
10/06/1970,7.56
11/06/1970,7.57
12/06/1970,7.6
15/06/1970,7.62
16/06/1970,7.6
17/06/1970,7.6
18/06/1970,7.59
19/06/1970,7.6
22/06/1970,7.55
23/06/1970,7.49
24/06/1970,7.52
25/06/1970,7.48
26/06/1970,7.44
29/06/1970,7.42
30/06/1970,7.4
01/07/1970,7.35
02/07/1970,7.26
06/07/1970,7.26
07/07/1970,7.26
08/07/1970,7.27
09/07/1970,7.2
10/07/1970,7.14
13/07/1970,7.12
14/07/1970,7.06
15/07/1970,7.04
16/07/1970,7.02
17/07/1970,7.04
20/07/1970,7.07
21/07/1970,7.05
22/07/1970,7.03
23/07/1970,6.96
24/07/1970,6.99
27/07/1970,7.03
28/07/1970,7.04
29/07/1970,7.04
30/07/1970,7.02
31/07/1970,7
03/08/1970,7.01
04/08/1970,7.04
05/08/1970,7.08
06/08/1970,7.1
07/08/1970,7.13
10/08/1970,7.19
11/08/1970,7.17
12/08/1970,7.17
13/08/1970,7.15
14/08/1970,7.15
17/08/1970,7.16
18/08/1970,7.1
19/08/1970,7.02
20/08/1970,6.98
21/08/1970,6.86
24/08/1970,6.64
25/08/1970,6.66
26/08/1970,6.67
27/08/1970,6.75
28/08/1970,6.81
31/08/1970,6.84
01/09/1970,6.84
02/09/1970,6.82
03/09/1970,6.84
04/09/1970,6.8
08/09/1970,6.84
09/09/1970,6.86
10/09/1970,6.89
11/09/1970,6.86
14/09/1970,6.85
15/09/1970,6.83
16/09/1970,6.79
17/09/1970,6.72
18/09/1970,6.72
21/09/1970,6.67
22/09/1970,6.59
23/09/1970,6.44
24/09/1970,6.5
25/09/1970,6.55
28/09/1970,6.65
29/09/1970,6.63
30/09/1970,6.58
01/10/1970,6.58
02/10/1970,6.58
05/10/1970,6.54
06/10/1970,6.5
07/10/1970,6.53
08/10/1970,6.55
09/10/1970,6.5
13/10/1970,6.48
14/10/1970,6.42
15/10/1970,6.4
16/10/1970,6.43
19/10/1970,6.46
20/10/1970,6.42
21/10/1970,6.42
22/10/1970,6.37
23/10/1970,6.27
26/10/1970,6.31
27/10/1970,6.32
28/10/1970,6.29
29/10/1970,6.29
30/10/1970,6.29
02/11/1970,6.18
04/11/1970,6.17
05/11/1970,6.07
06/11/1970,6
09/11/1970,5.92
10/11/1970,5.93
12/11/1970,5.87
13/11/1970,5.74
16/11/1970,5.54
17/11/1970,5.42
18/11/1970,5.2
19/11/1970,5.12
20/11/1970,5.01
23/11/1970,4.93
24/11/1970,5.01
25/11/1970,5.01
27/11/1970,5.03
30/11/1970,5.06
01/12/1970,5.07
02/12/1970,5.05
03/12/1970,5.02
04/12/1970,5.01
07/12/1970,5.05
08/12/1970,5.1
09/12/1970,5.14
10/12/1970,5.12
11/12/1970,5.06
14/12/1970,4.98
15/12/1970,4.96
16/12/1970,4.97
17/12/1970,4.92
18/12/1970,4.86
21/12/1970,4.92
22/12/1970,4.98
23/12/1970,4.97
24/12/1970,4.94
28/12/1970,4.94
29/12/1970,4.97
30/12/1970,4.98
31/12/1970,4.94
04/01/1971,4.92
05/01/1971,4.95
06/01/1971,5.03
07/01/1971,5
08/01/1971,4.98
11/01/1971,4.84
12/01/1971,4.76
13/01/1971,4.7
14/01/1971,4.56
15/01/1971,4.54
18/01/1971,4.5
19/01/1971,4.42
20/01/1971,4.32
21/01/1971,4.26
22/01/1971,4.25
25/01/1971,4.25
26/01/1971,4.28
27/01/1971,4.3
28/01/1971,4.26
29/01/1971,4.23
01/02/1971,4.22
02/02/1971,4.2
03/02/1971,4.19
04/02/1971,4.14
05/02/1971,4.09
08/02/1971,4.06
09/02/1971,3.97
10/02/1971,3.95
11/02/1971,3.87
16/02/1971,3.85
17/02/1971,3.77
18/02/1971,3.63
19/02/1971,3.6
22/02/1971,3.66
23/02/1971,3.68
24/02/1971,3.69
25/02/1971,3.67
26/02/1971,3.69
01/03/1971,3.7
02/03/1971,3.71
03/03/1971,3.73
04/03/1971,3.73
05/03/1971,3.72
08/03/1971,3.68
09/03/1971,3.6
10/03/1971,3.58
11/03/1971,3.48
12/03/1971,3.55
15/03/1971,3.58
16/03/1971,3.57
17/03/1971,3.6
18/03/1971,3.62
19/03/1971,3.62
22/03/1971,3.63
23/03/1971,3.69
24/03/1971,3.7
25/03/1971,3.74
26/03/1971,3.81
29/03/1971,3.91
30/03/1971,3.94
31/03/1971,3.92
01/04/1971,3.96
02/04/1971,4.02
05/04/1971,4.07
06/04/1971,4.05
07/04/1971,4.05
08/04/1971,4.12
12/04/1971,4.35
13/04/1971,4.29
14/04/1971,4.22
15/04/1971,4.22
16/04/1971,4.23
19/04/1971,4.24
20/04/1971,4.26
21/04/1971,4.33
22/04/1971,4.33
23/04/1971,4.4
26/04/1971,4.48
27/04/1971,4.58
28/04/1971,4.67
29/04/1971,4.76
30/04/1971,4.77
03/05/1971,4.79
04/05/1971,4.85
05/05/1971,4.91
06/05/1971,4.91
07/05/1971,4.86
10/05/1971,4.85
11/05/1971,4.84
12/05/1971,4.92
13/05/1971,5.08
14/05/1971,5.13
17/05/1971,5.26
18/05/1971,5.33
19/05/1971,5.17
20/05/1971,5.04
21/05/1971,5.18
24/05/1971,5.22
25/05/1971,5.16
26/05/1971,5.05
27/05/1971,5.04
28/05/1971,5.13
01/06/1971,5.15
02/06/1971,5.01
03/06/1971,4.98
04/06/1971,5.07
07/06/1971,5.29
08/06/1971,5.32
09/06/1971,5.39
10/06/1971,5.44
11/06/1971,5.56
14/06/1971,5.75
15/06/1971,5.88
16/06/1971,5.86
17/06/1971,5.8
18/06/1971,5.74
21/06/1971,5.7
22/06/1971,5.84
23/06/1971,5.9
24/06/1971,5.89
25/06/1971,5.98
28/06/1971,6.13
29/06/1971,6.22
30/06/1971,6.24
01/07/1971,6.18
02/07/1971,6.14
06/07/1971,6.14
07/07/1971,6.03
08/07/1971,6.04
09/07/1971,6.03
12/07/1971,5.85
13/07/1971,5.82
14/07/1971,5.81
15/07/1971,5.77
16/07/1971,5.9
19/07/1971,6.02
20/07/1971,6.01
21/07/1971,5.97
22/07/1971,6.04
23/07/1971,6.13
26/07/1971,6.18
27/07/1971,6.2
28/07/1971,6.22
29/07/1971,6.21
30/07/1971,6.18
02/08/1971,6.15
03/08/1971,6.23
04/08/1971,6.22
05/08/1971,6.21
06/08/1971,6.22
09/08/1971,6.26
10/08/1971,6.28
11/08/1971,6.26
12/08/1971,6.21
13/08/1971,6.09
16/08/1971,5.76
17/08/1971,5.53
18/08/1971,5.48
19/08/1971,5.35
20/08/1971,5.42
23/08/1971,5.59
24/08/1971,5.48
25/08/1971,5.45
26/08/1971,5.43
27/08/1971,5.42
30/08/1971,5.37
31/08/1971,5.28
01/09/1971,5.35
02/09/1971,5.38
03/09/1971,5.32
07/09/1971,5.3
08/09/1971,5.36
09/09/1971,5.44
10/09/1971,5.46
13/09/1971,5.56
14/09/1971,5.53
15/09/1971,5.44
16/09/1971,5.4
17/09/1971,5.4
20/09/1971,5.42
21/09/1971,5.44
22/09/1971,5.48
23/09/1971,5.44
24/09/1971,5.42
27/09/1971,5.39
28/09/1971,5.41
29/09/1971,5.36
30/09/1971,5.27
01/10/1971,5.24
04/10/1971,5.14
05/10/1971,5.14
06/10/1971,5.13
07/10/1971,5.12
08/10/1971,5.06
12/10/1971,4.95
13/10/1971,4.88
14/10/1971,4.87
15/10/1971,4.9
18/10/1971,4.97
19/10/1971,4.95
20/10/1971,4.84
21/10/1971,4.78
22/10/1971,4.72
26/10/1971,4.66
27/10/1971,4.65
28/10/1971,4.7
29/10/1971,4.64
01/11/1971,4.6
03/11/1971,4.53
04/11/1971,4.55
05/11/1971,4.6
08/11/1971,4.67
09/11/1971,4.67
10/11/1971,4.73
11/11/1971,4.7
12/11/1971,4.66
15/11/1971,4.65
16/11/1971,4.58
17/11/1971,4.58
18/11/1971,4.59
19/11/1971,4.62
22/11/1971,4.68
23/11/1971,4.78
24/11/1971,4.74
26/11/1971,4.84
29/11/1971,4.8
30/11/1971,4.76
01/12/1971,4.7
02/12/1971,4.69
03/12/1971,4.66
06/12/1971,4.66
07/12/1971,4.7
08/12/1971,4.65
09/12/1971,4.68
10/12/1971,4.67
13/12/1971,4.59
14/12/1971,4.67
15/12/1971,4.67
16/12/1971,4.66
17/12/1971,4.61
20/12/1971,4.64
21/12/1971,4.66
22/12/1971,4.62
23/12/1971,4.5
27/12/1971,4.42
28/12/1971,4.42
29/12/1971,4.49
30/12/1971,4.48
31/12/1971,4.46
03/01/1972,4.49
04/01/1972,4.47
05/01/1972,4.42
06/01/1972,4.35
07/01/1972,4.3
10/01/1972,4.17
11/01/1972,4.18
12/01/1972,4.16
13/01/1972,4.11
14/01/1972,4.08
17/01/1972,4.14
18/01/1972,4.16
19/01/1972,4.27
20/01/1972,4.24
21/01/1972,4.29
24/01/1972,4.37
25/01/1972,4.35
26/01/1972,4.32
27/01/1972,4.28
28/01/1972,4.33
31/01/1972,4.36
01/02/1972,4.44
02/02/1972,4.4
03/02/1972,4.43
04/02/1972,4.36
07/02/1972,4.3
08/02/1972,4.32
09/02/1972,4.28
10/02/1972,4.24
11/02/1972,4.2
14/02/1972,4.19
15/02/1972,4.17
16/02/1972,4.12
17/02/1972,4.14
18/02/1972,4.18
22/02/1972,4.2
23/02/1972,4.29
24/02/1972,4.26
25/02/1972,4.28
28/02/1972,4.3
29/02/1972,4.34
01/03/1972,4.28
02/03/1972,4.23
03/03/1972,4.27
06/03/1972,4.27
07/03/1972,4.29
08/03/1972,4.29
09/03/1972,4.36
10/03/1972,4.52
13/03/1972,4.64
14/03/1972,4.74
15/03/1972,4.88
16/03/1972,4.84
17/03/1972,4.88
20/03/1972,4.89
21/03/1972,4.82
22/03/1972,4.71
23/03/1972,4.83
24/03/1972,4.93
27/03/1972,4.94
28/03/1972,4.96
29/03/1972,5.06
30/03/1972,5.11
03/04/1972,5.12
04/04/1972,5.23
05/04/1972,5.19
06/04/1972,5.16
07/04/1972,5.16
10/04/1972,5.08
11/04/1972,5.12
12/04/1972,5.15
13/04/1972,5.15
14/04/1972,5.09
17/04/1972,5.01
18/04/1972,4.97
19/04/1972,4.96
20/04/1972,4.88
21/04/1972,4.82
24/04/1972,4.78
25/04/1972,4.69
26/04/1972,4.63
27/04/1972,4.49
28/04/1972,4.61
01/05/1972,4.57
02/05/1972,4.6
03/05/1972,4.61
04/05/1972,4.63
05/05/1972,4.61
08/05/1972,4.62
09/05/1972,4.73
10/05/1972,4.69
11/05/1972,4.65
12/05/1972,4.63
15/05/1972,4.64
16/05/1972,4.7
17/05/1972,4.72
18/05/1972,4.7
19/05/1972,4.71
22/05/1972,4.65
23/05/1972,4.6
24/05/1972,4.63
25/05/1972,4.58
26/05/1972,4.59
30/05/1972,4.6
31/05/1972,4.64
01/06/1972,4.72
02/06/1972,4.79
05/06/1972,4.84
06/06/1972,4.85
07/06/1972,4.86
08/06/1972,4.85
09/06/1972,4.84
12/06/1972,4.84
13/06/1972,4.86
14/06/1972,4.85
15/06/1972,4.87
16/06/1972,4.9
19/06/1972,4.9
20/06/1972,4.92
21/06/1972,4.96
22/06/1972,5
23/06/1972,5.04
26/06/1972,5.1
27/06/1972,5.08
28/06/1972,5.09
29/06/1972,5.12
30/06/1972,5.15
03/07/1972,5.13
05/07/1972,5.09
06/07/1972,5.04
07/07/1972,5.06
10/07/1972,5.08
11/07/1972,5.08
12/07/1972,5.07
13/07/1972,5.02
14/07/1972,4.97
17/07/1972,4.94
18/07/1972,4.94
19/07/1972,4.9
20/07/1972,4.89
21/07/1972,4.9
24/07/1972,4.91
25/07/1972,4.9
26/07/1972,4.87
27/07/1972,4.83
28/07/1972,4.85
31/07/1972,4.82
01/08/1972,4.83
02/08/1972,4.81
03/08/1972,4.82
04/08/1972,4.82
07/08/1972,4.84
08/08/1972,4.84
09/08/1972,4.82
10/08/1972,4.82
11/08/1972,4.81
14/08/1972,4.84
15/08/1972,4.83
16/08/1972,4.83
17/08/1972,4.82
18/08/1972,4.89
21/08/1972,4.95
22/08/1972,4.99
23/08/1972,5.11
24/08/1972,5.13
25/08/1972,5.26
28/08/1972,5.34
29/08/1972,5.38
30/08/1972,5.43
31/08/1972,5.4
01/09/1972,5.41
05/09/1972,5.42
06/09/1972,5.46
07/09/1972,5.46
08/09/1972,5.49
11/09/1972,5.45
12/09/1972,5.46
13/09/1972,5.5
14/09/1972,5.57
15/09/1972,5.56
18/09/1972,5.52
19/09/1972,5.51
20/09/1972,5.52
21/09/1972,5.55
22/09/1972,5.59
25/09/1972,5.6
26/09/1972,5.58
27/09/1972,5.62
28/09/1972,5.6
29/09/1972,5.61
02/10/1972,5.56
03/10/1972,5.61
04/10/1972,5.6
05/10/1972,5.61
06/10/1972,5.6
10/10/1972,5.56
11/10/1972,5.49
12/10/1972,5.54
13/10/1972,5.54
16/10/1972,5.53
17/10/1972,5.53
18/10/1972,5.53
19/10/1972,5.55
20/10/1972,5.52
24/10/1972,5.46
25/10/1972,5.46
26/10/1972,5.42
27/10/1972,5.43
30/10/1972,5.45
31/10/1972,5.44
01/11/1972,5.42
02/11/1972,5.33
03/11/1972,5.26
06/11/1972,5.21
08/11/1972,5.28
09/11/1972,5.31
10/11/1972,5.29
13/11/1972,5.22
14/11/1972,5.21
15/11/1972,5.18
16/11/1972,5.16
17/11/1972,5.22
20/11/1972,5.2
21/11/1972,5.24
22/11/1972,5.28
24/11/1972,5.28
27/11/1972,5.35
28/11/1972,5.33
29/11/1972,5.35
30/11/1972,5.35
01/12/1972,5.35
04/12/1972,5.39
05/12/1972,5.43
06/12/1972,5.46
07/12/1972,5.45
08/12/1972,5.48
11/12/1972,5.51
12/12/1972,5.49
13/12/1972,5.46
14/12/1972,5.46
15/12/1972,5.48
18/12/1972,5.56
19/12/1972,5.57
20/12/1972,5.57
21/12/1972,5.58
22/12/1972,5.59
26/12/1972,5.59
27/12/1972,5.63
28/12/1972,5.64
29/12/1972,5.68
02/01/1973,5.72
03/01/1973,5.69
04/01/1973,5.67
05/01/1973,5.7
08/01/1973,5.74
09/01/1973,5.74
10/01/1973,5.76
11/01/1973,5.79
12/01/1973,5.87
15/01/1973,5.87
16/01/1973,5.89
17/01/1973,5.88
18/01/1973,5.89
19/01/1973,5.93
22/01/1973,5.94
23/01/1973,5.95
24/01/1973,6.02
25/01/1973,6.04
26/01/1973,6.19
29/01/1973,6.16
30/01/1973,6.08
31/01/1973,6.09
01/02/1973,6.2
02/02/1973,6.23
05/02/1973,6.22
06/02/1973,6.23
07/02/1973,6.18
08/02/1973,6.12
09/02/1973,6.06
13/02/1973,6.08
14/02/1973,6.05
15/02/1973,6
16/02/1973,6.01
20/02/1973,6.13
21/02/1973,6.21
22/02/1973,6.21
23/02/1973,6.23
26/02/1973,6.38
27/02/1973,6.43
28/02/1973,6.43
01/03/1973,6.43
02/03/1973,6.47
05/03/1973,6.52
06/03/1973,6.63
07/03/1973,6.63
08/03/1973,6.66
09/03/1973,6.74
12/03/1973,6.77
13/03/1973,6.8
14/03/1973,6.85
15/03/1973,6.93
16/03/1973,7.13
19/03/1973,7.06
20/03/1973,7.02
21/03/1973,7.02
22/03/1973,7.03
23/03/1973,7.01
26/03/1973,6.98
27/03/1973,6.96
28/03/1973,6.98
29/03/1973,6.99
30/03/1973,7.09
02/04/1973,7.09
03/04/1973,7.07
04/04/1973,7.03
05/04/1973,7
06/04/1973,6.87
09/04/1973,6.77
10/04/1973,6.79
11/04/1973,6.85
12/04/1973,6.86
13/04/1973,6.81
16/04/1973,6.77
17/04/1973,6.77
18/04/1973,6.74
19/04/1973,6.77
23/04/1973,6.82
24/04/1973,6.79
25/04/1973,6.8
26/04/1973,6.76
27/04/1973,6.77
30/04/1973,6.8
01/05/1973,6.83
02/05/1973,6.83
03/05/1973,6.84
04/05/1973,6.83
07/05/1973,6.83
08/05/1973,6.81
09/05/1973,6.74
10/05/1973,6.72
11/05/1973,6.76
14/05/1973,6.75
15/05/1973,6.71
16/05/1973,6.7
17/05/1973,6.85
18/05/1973,6.91
21/05/1973,6.97
22/05/1973,7
23/05/1973,7.08
24/05/1973,7.04
25/05/1973,7.04
29/05/1973,7.1
30/05/1973,7.16
31/05/1973,7.16
01/06/1973,7.22
04/06/1973,7.28
05/06/1973,7.23
06/06/1973,7.21
07/06/1973,7.2
08/06/1973,7.2
11/06/1973,7.23
12/06/1973,7.2
13/06/1973,7.19
14/06/1973,7.2
15/06/1973,7.19
18/06/1973,7.25
19/06/1973,7.29
20/06/1973,7.29
21/06/1973,7.29
22/06/1973,7.34
25/06/1973,7.39
26/06/1973,7.41
27/06/1973,7.53
28/06/1973,7.58
29/06/1973,7.74
02/07/1973,7.98
03/07/1973,8.03
05/07/1973,8.06
06/07/1973,8.11
09/07/1973,8.19
10/07/1973,8.12
11/07/1973,8.02
12/07/1973,8.08
13/07/1973,8.19
16/07/1973,8.24
17/07/1973,8.26
18/07/1973,8.38
19/07/1973,8.54
20/07/1973,8.61
23/07/1973,8.61
24/07/1973,8.67
25/07/1973,8.71
26/07/1973,8.75
27/07/1973,8.86
30/07/1973,8.89
31/07/1973,8.87
01/08/1973,8.91
02/08/1973,8.91
03/08/1973,8.94
06/08/1973,9.08
07/08/1973,9.23
08/08/1973,9.2
09/08/1973,9.18
10/08/1973,9.22
13/08/1973,9.15
14/08/1973,9.01
15/08/1973,8.97
16/08/1973,8.76
17/08/1973,8.58
20/08/1973,8.77
21/08/1973,8.76
22/08/1973,8.75
23/08/1973,8.55
24/08/1973,8.45
27/08/1973,8.51
28/08/1973,8.54
29/08/1973,8.51
30/08/1973,8.47
31/08/1973,8.47
04/09/1973,8.46
05/09/1973,8.36
06/09/1973,8.38
07/09/1973,8.35
10/09/1973,8.44
11/09/1973,8.51
12/09/1973,8.63
13/09/1973,8.71
14/09/1973,8.66
17/09/1973,8.56
18/09/1973,8.4
19/09/1973,8.41
20/09/1973,8.37
21/09/1973,8.25
24/09/1973,8.16
25/09/1973,8.08
26/09/1973,7.95
27/09/1973,7.64
28/09/1973,7.5
01/10/1973,7.55
02/10/1973,7.77
03/10/1973,7.74
04/10/1973,7.76
05/10/1973,7.52
09/10/1973,7.42
10/10/1973,7.47
11/10/1973,7.46
12/10/1973,7.37
15/10/1973,7.39
16/10/1973,7.43
17/10/1973,7.4
18/10/1973,7.39
19/10/1973,7.31
23/10/1973,7.29
24/10/1973,7.19
25/10/1973,7.18
26/10/1973,7.17
29/10/1973,7.16
30/10/1973,7.14
31/10/1973,7.21
01/11/1973,7.33
02/11/1973,7.44
05/11/1973,7.64
07/11/1973,7.8
08/11/1973,7.71
09/11/1973,7.78
12/11/1973,7.9
13/11/1973,8
14/11/1973,8.02
15/11/1973,7.82
16/11/1973,7.73
19/11/1973,7.54
20/11/1973,7.49
21/11/1973,7.45
23/11/1973,7.43
26/11/1973,7.22
27/11/1973,7.25
28/11/1973,7.25
29/11/1973,7.3
30/11/1973,7.28
03/12/1973,7.32
04/12/1973,7.36
05/12/1973,7.48
06/12/1973,7.56
07/12/1973,7.52
10/12/1973,7.32
11/12/1973,7.31
12/12/1973,7.21
13/12/1973,7.25
14/12/1973,7.16
17/12/1973,7.01
18/12/1973,7.05
19/12/1973,7.1
20/12/1973,7.09
21/12/1973,7.15
26/12/1973,7.36
27/12/1973,7.32
28/12/1973,7.27
31/12/1973,7.3
02/01/1974,7.38
03/01/1974,7.32
04/01/1974,7.27
07/01/1974,7.33
08/01/1974,7.34
09/01/1974,7.34
10/01/1974,7.45
11/01/1974,7.47
14/01/1974,7.52
15/01/1974,7.48
16/01/1974,7.49
17/01/1974,7.47
18/01/1974,7.48
21/01/1974,7.52
22/01/1974,7.54
23/01/1974,7.56
24/01/1974,7.53
25/01/1974,7.53
28/01/1974,7.44
29/01/1974,7.41
30/01/1974,7.27
31/01/1974,7.12
01/02/1974,6.92
04/02/1974,6.74
05/02/1974,6.76
06/02/1974,6.74
07/02/1974,6.92
08/02/1974,6.86
11/02/1974,6.87
13/02/1974,6.84
14/02/1974,6.75
15/02/1974,6.78
19/02/1974,6.8
20/02/1974,6.83
21/02/1974,6.84
22/02/1974,6.91
25/02/1974,6.93
26/02/1974,7.11
27/02/1974,7.14
28/02/1974,7.16
01/03/1974,7.23
04/03/1974,7.28
05/03/1974,7.31
06/03/1974,7.26
07/03/1974,7.25
08/03/1974,7.4
11/03/1974,7.3
12/03/1974,7.36
13/03/1974,7.48
14/03/1974,7.45
15/03/1974,7.54
18/03/1974,7.71
19/03/1974,7.77
20/03/1974,7.98
21/03/1974,8.39
22/03/1974,8.47
25/03/1974,8.48
26/03/1974,8.3
27/03/1974,8.17
28/03/1974,8.46
29/03/1974,8.36
01/04/1974,8.34
02/04/1974,8.41
03/04/1974,8.43
04/04/1974,8.53
05/04/1974,8.65
08/04/1974,8.62
09/04/1974,8.63
10/04/1974,8.54
11/04/1974,8.51
15/04/1974,8.39
16/04/1974,8.52
17/04/1974,8.63
18/04/1974,8.72
19/04/1974,8.63
22/04/1974,8.63
23/04/1974,8.67
24/04/1974,8.63
25/04/1974,8.8
26/04/1974,8.83
29/04/1974,8.96
30/04/1974,8.99
01/05/1974,8.94
02/05/1974,8.92
03/05/1974,9.17
06/05/1974,9.23
07/05/1974,9.24
08/05/1974,9.22
09/05/1974,9.24
10/05/1974,9.02
13/05/1974,8.83
14/05/1974,8.92
15/05/1974,8.67
16/05/1974,8.65
17/05/1974,8.73
20/05/1974,8.71
21/05/1974,8.56
22/05/1974,8.39
23/05/1974,8.35
24/05/1974,8.27
28/05/1974,8.42
29/05/1974,8.52
30/05/1974,8.5
31/05/1974,8.71
03/06/1974,8.81
04/06/1974,8.61
05/06/1974,8.65
06/06/1974,8.57
07/06/1974,8.51
10/06/1974,8.48
11/06/1974,8.52
12/06/1974,8.62
13/06/1974,8.77
14/06/1974,8.74
17/06/1974,8.57
18/06/1974,8.66
19/06/1974,8.59
20/06/1974,8.58
21/06/1974,8.61
24/06/1974,8.72
25/06/1974,8.83
26/06/1974,8.78
27/06/1974,8.9
28/06/1974,8.87
01/07/1974,9
02/07/1974,9
03/07/1974,9.07
05/07/1974,9.1
08/07/1974,9.2
09/07/1974,9.13
10/07/1974,9.05
11/07/1974,8.98
12/07/1974,8.65
15/07/1974,8.56
16/07/1974,8.65
17/07/1974,8.62
18/07/1974,8.63
19/07/1974,8.6
22/07/1974,8.5
23/07/1974,8.47
24/07/1974,8.34
25/07/1974,8.44
26/07/1974,8.7
29/07/1974,8.77
30/07/1974,9.03
31/07/1974,9
01/08/1974,9.13
02/08/1974,9.21
05/08/1974,9.09
06/08/1974,8.99
07/08/1974,9.09
08/08/1974,9.09
09/08/1974,9.16
12/08/1974,9.13
13/08/1974,9.15
14/08/1974,9.13
15/08/1974,9.02
16/08/1974,9.01
19/08/1974,9.05
20/08/1974,9.21
21/08/1974,9.42
22/08/1974,9.93
23/08/1974,10.03
26/08/1974,10
27/08/1974,9.82
28/08/1974,9.82
29/08/1974,9.77
30/08/1974,9.73
03/09/1974,9.73
04/09/1974,9.71
05/09/1974,9.54
06/09/1974,9.37
09/09/1974,9.04
10/09/1974,9.13
11/09/1974,8.98
12/09/1974,9.21
13/09/1974,9.09
16/09/1974,8.66
17/09/1974,8.77
18/09/1974,8.78
19/09/1974,8.7
20/09/1974,8.51
23/09/1974,8.48
24/09/1974,8.49
25/09/1974,8.47
26/09/1974,8.4
27/09/1974,8.22
30/09/1974,8.21
01/10/1974,8.32
02/10/1974,8.39
03/10/1974,8.42
04/10/1974,8.21
07/10/1974,7.79
08/10/1974,7.81
09/10/1974,8.01
10/10/1974,8.13
11/10/1974,8.09
15/10/1974,8.08
16/10/1974,8.19
17/10/1974,8.16
18/10/1974,7.93
21/10/1974,7.83
22/10/1974,7.84
23/10/1974,7.88
24/10/1974,7.93
25/10/1974,7.96
28/10/1974,8.11
29/10/1974,8.01
30/10/1974,7.99
31/10/1974,7.93
01/11/1974,7.96
04/11/1974,7.93
06/11/1974,7.78
07/11/1974,7.74
08/11/1974,7.75
12/11/1974,7.69
13/11/1974,7.66
14/11/1974,7.51
15/11/1974,7.48
18/11/1974,7.56
19/11/1974,7.57
20/11/1974,7.53
21/11/1974,7.57
22/11/1974,7.54
25/11/1974,7.56
26/11/1974,7.63
27/11/1974,7.68
29/11/1974,7.66
02/12/1974,7.74
03/12/1974,7.62
04/12/1974,7.49
05/12/1974,7.49
06/12/1974,7.41
09/12/1974,7.24
10/12/1974,7.31
11/12/1974,7.21
12/12/1974,7.24
13/12/1974,7.18
16/12/1974,7.08
17/12/1974,7.02
18/12/1974,7.09
19/12/1974,7.14
20/12/1974,7.15
23/12/1974,7.31
24/12/1974,7.36
26/12/1974,7.31
27/12/1974,7.34
30/12/1974,7.35
31/12/1974,7.35
02/01/1975,7.27
03/01/1975,7.19
06/01/1975,7.1
07/01/1975,7
08/01/1975,6.95
09/01/1975,6.97
10/01/1975,7.01
13/01/1975,7.07
14/01/1975,6.99
15/01/1975,7.08
16/01/1975,7.01
17/01/1975,6.97
20/01/1975,6.99
21/01/1975,6.81
22/01/1975,6.69
23/01/1975,6.53
24/01/1975,6.5
27/01/1975,6.47
28/01/1975,6.45
29/01/1975,6.45
30/01/1975,6.45
31/01/1975,6.36
03/02/1975,6.08
04/02/1975,6.02
05/02/1975,5.64
06/02/1975,5.9
07/02/1975,5.99
10/02/1975,6.17
11/02/1975,6.1
13/02/1975,6.07
14/02/1975,5.94
18/02/1975,5.82
19/02/1975,5.81
20/02/1975,5.88
21/02/1975,5.92
24/02/1975,5.99
25/02/1975,6.11
26/02/1975,6.16
27/02/1975,6.11
28/02/1975,6.01
03/03/1975,6.09
04/03/1975,6.1
05/03/1975,6.02
06/03/1975,5.99
07/03/1975,6.11
10/03/1975,6.06
11/03/1975,6
12/03/1975,5.99
13/03/1975,5.97
14/03/1975,5.97
17/03/1975,6.03
18/03/1975,6.04
19/03/1975,6.11
20/03/1975,6.1
21/03/1975,6.19
24/03/1975,6.22
25/03/1975,6.22
26/03/1975,6.28
27/03/1975,6.25
31/03/1975,6.36
01/04/1975,6.53
02/04/1975,6.79
03/04/1975,6.73
04/04/1975,6.86
07/04/1975,7.15
08/04/1975,7.01
09/04/1975,6.89
10/04/1975,6.89
11/04/1975,6.9
14/04/1975,6.89
15/04/1975,6.82
16/04/1975,6.71
17/04/1975,6.84
18/04/1975,6.9
21/04/1975,7.04
22/04/1975,7.09
23/04/1975,7.02
24/04/1975,6.99
25/04/1975,6.97
28/04/1975,7.07
29/04/1975,6.92
30/04/1975,6.88
01/05/1975,6.93
02/05/1975,6.64
05/05/1975,6.62
06/05/1975,6.68
07/05/1975,6.65
08/05/1975,6.6
09/05/1975,6.52
12/05/1975,6.35
13/05/1975,6.28
14/05/1975,6.26
15/05/1975,6.33
16/05/1975,6.27
19/05/1975,6.2
20/05/1975,6.17
21/05/1975,6.17
22/05/1975,6.24
23/05/1975,6.25
27/05/1975,6.26
28/05/1975,6.36
29/05/1975,6.32
30/05/1975,6.08
02/06/1975,6.2
03/06/1975,6.22
04/06/1975,6.2
05/06/1975,6.22
06/06/1975,6.18
09/06/1975,6.01
10/06/1975,5.98
11/06/1975,5.81
12/06/1975,5.8
13/06/1975,5.83
16/06/1975,5.82
17/06/1975,6.03
18/06/1975,6.23
19/06/1975,6.33
20/06/1975,6.6
23/06/1975,6.58
24/06/1975,6.69
25/06/1975,6.76
26/06/1975,6.87
27/06/1975,6.82
30/06/1975,6.85
01/07/1975,6.9
02/07/1975,6.96
03/07/1975,6.96
07/07/1975,7.01
08/07/1975,6.89
09/07/1975,6.97
10/07/1975,6.98
11/07/1975,6.95
14/07/1975,6.88
15/07/1975,6.92
16/07/1975,7
17/07/1975,7.01
18/07/1975,7.05
21/07/1975,7.19
22/07/1975,7.3
23/07/1975,7.31
24/07/1975,7.33
25/07/1975,7.39
28/07/1975,7.4
29/07/1975,7.36
30/07/1975,7.34
31/07/1975,7.38
01/08/1975,7.44
04/08/1975,7.5
05/08/1975,7.57
06/08/1975,7.6
07/08/1975,7.78
08/08/1975,7.71
11/08/1975,7.59
12/08/1975,7.65
13/08/1975,7.77
14/08/1975,7.8
15/08/1975,7.82
18/08/1975,7.8
19/08/1975,7.73
20/08/1975,7.79
21/08/1975,7.86
22/08/1975,7.8
25/08/1975,7.84
26/08/1975,7.77
27/08/1975,7.7
28/08/1975,7.66
29/08/1975,7.56
02/09/1975,7.6
03/09/1975,7.62
04/09/1975,7.61
05/09/1975,7.64
08/09/1975,7.59
09/09/1975,7.64
10/09/1975,7.65
11/09/1975,7.79
12/09/1975,7.81
15/09/1975,7.88
16/09/1975,7.96
17/09/1975,7.93
18/09/1975,7.86
19/09/1975,7.76
22/09/1975,7.74
23/09/1975,7.73
24/09/1975,7.67
25/09/1975,7.76
26/09/1975,7.84
29/09/1975,7.84
30/09/1975,7.83
01/10/1975,7.76
02/10/1975,7.69
03/10/1975,7.38
06/10/1975,7.28
07/10/1975,7.39
08/10/1975,7.3
09/10/1975,7.27
10/10/1975,7.03
14/10/1975,7.07
15/10/1975,7.12
16/10/1975,6.92
17/10/1975,6.88
20/10/1975,6.85
21/10/1975,6.71
22/10/1975,6.73
23/10/1975,6.7
24/10/1975,6.64
27/10/1975,6.64
28/10/1975,6.63
29/10/1975,6.43
30/10/1975,6.22
31/10/1975,6.27
03/11/1975,6.34
05/11/1975,6.3
06/11/1975,6.31
07/11/1975,6.23
10/11/1975,6.22
12/11/1975,6.3
13/11/1975,6.4
14/11/1975,6.58
17/11/1975,6.51
18/11/1975,6.52
19/11/1975,6.57
20/11/1975,6.54
21/11/1975,6.76
24/11/1975,6.64
25/11/1975,6.7
26/11/1975,6.68
28/11/1975,6.68
01/12/1975,6.66
02/12/1975,6.67
03/12/1975,6.69
04/12/1975,6.89
05/12/1975,6.85
08/12/1975,6.89
09/12/1975,6.98
10/12/1975,6.94
11/12/1975,6.82
12/12/1975,6.79
15/12/1975,6.76
16/12/1975,6.77
17/12/1975,6.64
18/12/1975,6.64
19/12/1975,6.44
22/12/1975,6.4
23/12/1975,6.38
24/12/1975,6.32
26/12/1975,6.17
29/12/1975,6.23
30/12/1975,6.13
31/12/1975,6.16
02/01/1976,6.2
05/01/1976,6.24
06/01/1976,6.03
07/01/1976,5.92
08/01/1976,5.91
09/01/1976,5.71
12/01/1976,5.69
13/01/1976,5.73
14/01/1976,5.77
15/01/1976,5.8
16/01/1976,5.85
19/01/1976,5.75
20/01/1976,5.77
21/01/1976,5.75
22/01/1976,5.77
23/01/1976,5.65
26/01/1976,5.7
27/01/1976,5.7
28/01/1976,5.69
29/01/1976,5.64
30/01/1976,5.65
02/02/1976,5.7
03/02/1976,5.77
04/02/1976,5.92
05/02/1976,5.85
06/02/1976,5.86
09/02/1976,5.79
10/02/1976,5.83
11/02/1976,5.82
13/02/1976,5.85
17/02/1976,5.9
18/02/1976,5.96
19/02/1976,6
20/02/1976,5.97
23/02/1976,5.92
24/02/1976,5.97
25/02/1976,5.98
26/02/1976,6.04
27/02/1976,6.21
01/03/1976,6.42
02/03/1976,6.39
03/03/1976,6.39
04/03/1976,6.47
05/03/1976,6.3
08/03/1976,6.23
09/03/1976,6.25
10/03/1976,6.22
11/03/1976,6.28
12/03/1976,6.18
15/03/1976,6.28
16/03/1976,6.27
17/03/1976,6.22
18/03/1976,6.19
19/03/1976,6.18
22/03/1976,6.09
23/03/1976,6.08
24/03/1976,6.05
25/03/1976,6.04
26/03/1976,6.05
29/03/1976,6.07
30/03/1976,6.1
31/03/1976,6.11
01/04/1976,6.2
02/04/1976,6.11
05/04/1976,6.01
06/04/1976,5.95
07/04/1976,6
08/04/1976,5.93
09/04/1976,5.9
12/04/1976,5.8
13/04/1976,5.7
14/04/1976,5.74
15/04/1976,5.76
19/04/1976,5.8
20/04/1976,5.81
21/04/1976,5.74
22/04/1976,5.83
23/04/1976,6.02
26/04/1976,6.01
27/04/1976,6
28/04/1976,5.95
29/04/1976,5.99
30/04/1976,6.14
03/05/1976,6.04
04/05/1976,6.06
05/05/1976,6.06
06/05/1976,6.13
07/05/1976,6.15
10/05/1976,6.18
11/05/1976,6.22
12/05/1976,6.31
13/05/1976,6.31
14/05/1976,6.42
17/05/1976,6.45
18/05/1976,6.42
19/05/1976,6.52
20/05/1976,6.65
21/05/1976,6.66
24/05/1976,6.6
25/05/1976,6.59
26/05/1976,6.69
27/05/1976,6.82
28/05/1976,6.75
01/06/1976,6.7
02/06/1976,6.72
03/06/1976,6.73
04/06/1976,6.6
07/06/1976,6.51
08/06/1976,6.55
09/06/1976,6.53
10/06/1976,6.53
11/06/1976,6.49
14/06/1976,6.44
15/06/1976,6.47
16/06/1976,6.52
17/06/1976,6.51
18/06/1976,6.46
21/06/1976,6.45
22/06/1976,6.48
23/06/1976,6.46
24/06/1976,6.43
25/06/1976,6.45
28/06/1976,6.5
29/06/1976,6.47
30/06/1976,6.46
01/07/1976,6.46
02/07/1976,6.43
06/07/1976,6.38
07/07/1976,6.39
08/07/1976,6.25
09/07/1976,6.11
12/07/1976,6.07
13/07/1976,6.13
14/07/1976,6.14
15/07/1976,6.06
16/07/1976,6.2
19/07/1976,6.16
20/07/1976,6.24
21/07/1976,6.26
22/07/1976,6.24
23/07/1976,6.15
26/07/1976,6.14
27/07/1976,6.1
28/07/1976,6.1
29/07/1976,6.08
30/07/1976,6.12
02/08/1976,6.12
03/08/1976,6.1
04/08/1976,6.11
05/08/1976,6.15
06/08/1976,6.02
09/08/1976,6.02
10/08/1976,6.03
11/08/1976,5.98
12/08/1976,6.04
13/08/1976,6.01
16/08/1976,5.98
17/08/1976,5.99
18/08/1976,6
19/08/1976,6
20/08/1976,6.02
23/08/1976,5.98
24/08/1976,5.93
25/08/1976,5.9
26/08/1976,5.89
27/08/1976,5.97
30/08/1976,5.92
31/08/1976,5.9
01/09/1976,5.89
02/09/1976,5.93
03/09/1976,5.9
07/09/1976,5.87
08/09/1976,5.87
09/09/1976,5.91
10/09/1976,5.92
13/09/1976,5.94
14/09/1976,5.92
15/09/1976,5.93
16/09/1976,5.85
17/09/1976,5.69
20/09/1976,5.77
21/09/1976,5.69
22/09/1976,5.74
23/09/1976,5.76
24/09/1976,5.86
27/09/1976,5.86
28/09/1976,5.81
29/09/1976,5.84
30/09/1976,5.78
01/10/1976,5.72
04/10/1976,5.68
05/10/1976,5.73
06/10/1976,5.67
07/10/1976,5.6
08/10/1976,5.47
12/10/1976,5.46
13/10/1976,5.45
14/10/1976,5.32
15/10/1976,5.29
18/10/1976,5.29
19/10/1976,5.4
20/10/1976,5.4
21/10/1976,5.44
22/10/1976,5.5
25/10/1976,5.54
26/10/1976,5.51
27/10/1976,5.46
28/10/1976,5.5
29/10/1976,5.5
01/11/1976,5.46
03/11/1976,5.5
04/11/1976,5.38
05/11/1976,5.45
08/11/1976,5.53
09/11/1976,5.54
10/11/1976,5.48
12/11/1976,5.48
15/11/1976,5.45
16/11/1976,5.35
17/11/1976,5.33
18/11/1976,5.36
19/11/1976,5.14
22/11/1976,5.09
23/11/1976,5.11
24/11/1976,5.1
26/11/1976,4.91
29/11/1976,4.98
30/11/1976,4.95
01/12/1976,4.93
02/12/1976,4.92
03/12/1976,4.84
06/12/1976,4.94
07/12/1976,4.92
08/12/1976,4.96
09/12/1976,4.94
10/12/1976,4.87
13/12/1976,4.92
14/12/1976,4.91
15/12/1976,4.9
16/12/1976,4.92
17/12/1976,4.89
20/12/1976,4.82
21/12/1976,4.89
22/12/1976,4.86
23/12/1976,4.87
27/12/1976,4.86
28/12/1976,4.9
29/12/1976,4.87
30/12/1976,4.86
31/12/1976,4.86
03/01/1977,4.88
04/01/1977,5
05/01/1977,4.96
06/01/1977,5.01
07/01/1977,5.24
10/01/1977,5.21
11/01/1977,5.24
12/01/1977,5.2
13/01/1977,5.14
14/01/1977,5.31
17/01/1977,5.35
18/01/1977,5.42
19/01/1977,5.36
20/01/1977,5.36
21/01/1977,5.39
24/01/1977,5.47
25/01/1977,5.44
26/01/1977,5.45
27/01/1977,5.57
28/01/1977,5.55
31/01/1977,5.56
01/02/1977,5.55
02/02/1977,5.66
03/02/1977,5.65
04/02/1977,5.44
07/02/1977,5.41
08/02/1977,5.42
09/02/1977,5.39
10/02/1977,5.41
11/02/1977,5.36
14/02/1977,5.36
15/02/1977,5.39
16/02/1977,5.4
17/02/1977,5.33
18/02/1977,5.38
22/02/1977,5.46
23/02/1977,5.5
24/02/1977,5.62
25/02/1977,5.59
28/02/1977,5.56
01/03/1977,5.62
02/03/1977,5.54
03/03/1977,5.53
04/03/1977,5.52
07/03/1977,5.54
08/03/1977,5.54
09/03/1977,5.53
10/03/1977,5.54
11/03/1977,5.45
14/03/1977,5.44
15/03/1977,5.47
16/03/1977,5.49
17/03/1977,5.55
18/03/1977,5.5
21/03/1977,5.48
22/03/1977,5.47
23/03/1977,5.46
24/03/1977,5.5
25/03/1977,5.53
28/03/1977,5.48
29/03/1977,5.48
30/03/1977,5.45
31/03/1977,5.4
01/04/1977,5.42
04/04/1977,5.43
05/04/1977,5.43
06/04/1977,5.43
07/04/1977,5.41
11/04/1977,5.36
12/04/1977,5.46
13/04/1977,5.4
14/04/1977,5.33
15/04/1977,5.38
18/04/1977,5.34
19/04/1977,5.42
20/04/1977,5.43
21/04/1977,5.42
22/04/1977,5.46
25/04/1977,5.55
26/04/1977,5.5
27/04/1977,5.51
28/04/1977,5.54
29/04/1977,5.6
02/05/1977,5.7
03/05/1977,5.63
04/05/1977,5.6
05/05/1977,5.65
06/05/1977,5.77
09/05/1977,5.8
10/05/1977,5.85
11/05/1977,5.92
12/05/1977,5.88
13/05/1977,5.88
16/05/1977,5.88
17/05/1977,5.9
18/05/1977,5.9
19/05/1977,5.97
20/05/1977,6
23/05/1977,5.97
24/05/1977,5.92
25/05/1977,5.88
26/05/1977,5.92
27/05/1977,5.84
31/05/1977,5.86
01/06/1977,5.85
02/06/1977,5.86
03/06/1977,5.85
06/06/1977,5.84
07/06/1977,5.84
08/06/1977,5.83
09/06/1977,5.84
10/06/1977,5.82
13/06/1977,5.81
14/06/1977,5.77
15/06/1977,5.82
16/06/1977,5.82
17/06/1977,5.8
20/06/1977,5.78
21/06/1977,5.81
22/06/1977,5.82
23/06/1977,5.84
24/06/1977,5.7
27/06/1977,5.72
28/06/1977,5.7
29/06/1977,5.72
30/06/1977,5.72
01/07/1977,5.72
05/07/1977,5.78
06/07/1977,5.8
07/07/1977,5.82
08/07/1977,5.83
11/07/1977,5.85
12/07/1977,5.86
13/07/1977,5.87
15/07/1977,5.92
18/07/1977,5.99
19/07/1977,5.95
20/07/1977,6
21/07/1977,6.03
22/07/1977,6
25/07/1977,5.98
26/07/1977,5.96
27/07/1977,6.04
28/07/1977,6.18
29/07/1977,6.22
01/08/1977,6.19
02/08/1977,6.28
03/08/1977,6.24
04/08/1977,6.24
05/08/1977,6.26
08/08/1977,6.23
09/08/1977,6.31
10/08/1977,6.33
11/08/1977,6.38
12/08/1977,6.46
15/08/1977,6.48
16/08/1977,6.52
17/08/1977,6.48
18/08/1977,6.47
19/08/1977,6.47
22/08/1977,6.46
23/08/1977,6.43
24/08/1977,6.42
25/08/1977,6.4
26/08/1977,6.38
29/08/1977,6.35
30/08/1977,6.36
31/08/1977,6.36
01/09/1977,6.36
02/09/1977,6.32
06/09/1977,6.33
07/09/1977,6.35
08/09/1977,6.37
09/09/1977,6.59
12/09/1977,6.62
13/09/1977,6.6
14/09/1977,6.57
15/09/1977,6.55
16/09/1977,6.49
19/09/1977,6.46
20/09/1977,6.51
21/09/1977,6.52
22/09/1977,6.63
23/09/1977,6.62
26/09/1977,6.68
27/09/1977,6.6
28/09/1977,6.62
29/09/1977,6.61
30/09/1977,6.66
03/10/1977,6.72
04/10/1977,6.73
05/10/1977,6.77
06/10/1977,6.83
07/10/1977,6.88
11/10/1977,6.97
12/10/1977,7.08
13/10/1977,7.09
14/10/1977,7.05
17/10/1977,7.09
18/10/1977,7.1
19/10/1977,7.07
20/10/1977,7.03
21/10/1977,7.04
24/10/1977,7
25/10/1977,6.98
26/10/1977,6.96
27/10/1977,6.94
28/10/1977,6.92
31/10/1977,7.05
01/11/1977,7.05
02/11/1977,7.06
03/11/1977,7.05
04/11/1977,7.04
07/11/1977,7.02
09/11/1977,6.98
10/11/1977,6.97
14/11/1977,6.92
15/11/1977,6.94
16/11/1977,6.92
17/11/1977,6.91
18/11/1977,6.89
21/11/1977,6.92
22/11/1977,6.92
23/11/1977,6.9
25/11/1977,6.9
28/11/1977,6.91
29/11/1977,6.92
30/11/1977,6.92
01/12/1977,6.92
02/12/1977,6.9
05/12/1977,6.9
06/12/1977,6.93
07/12/1977,6.97
08/12/1977,6.96
09/12/1977,6.95
12/12/1977,6.96
13/12/1977,6.94
14/12/1977,6.93
15/12/1977,6.93
16/12/1977,6.93
19/12/1977,6.92
20/12/1977,6.94
21/12/1977,6.96
22/12/1977,7.02
23/12/1977,7.01
27/12/1977,7.01
28/12/1977,7.03
29/12/1977,7.02
30/12/1977,6.98
03/01/1978,7
04/01/1978,7
05/01/1978,7.04
06/01/1978,7.07
09/01/1978,7.42
10/01/1978,7.42
11/01/1978,7.5
12/01/1978,7.43
13/01/1978,7.38
16/01/1978,7.36
17/01/1978,7.34
18/01/1978,7.35
19/01/1978,7.32
20/01/1978,7.31
23/01/1978,7.3
24/01/1978,7.3
25/01/1978,7.31
26/01/1978,7.29
27/01/1978,7.28
30/01/1978,7.27
31/01/1978,7.26
01/02/1978,7.27
02/02/1978,7.29
03/02/1978,7.3
06/02/1978,7.33
07/02/1978,7.33
08/02/1978,7.3
09/02/1978,7.3
10/02/1978,7.31
14/02/1978,7.34
15/02/1978,7.37
16/02/1978,7.42
17/02/1978,7.37
21/02/1978,7.41
22/02/1978,7.39
23/02/1978,7.37
24/02/1978,7.34
27/02/1978,7.32
28/02/1978,7.32
01/03/1978,7.35
02/03/1978,7.37
03/03/1978,7.36
06/03/1978,7.31
07/03/1978,7.28
08/03/1978,7.27
09/03/1978,7.28
10/03/1978,7.3
13/03/1978,7.29
14/03/1978,7.3
15/03/1978,7.28
16/03/1978,7.27
17/03/1978,7.26
20/03/1978,7.2
21/03/1978,7.23
22/03/1978,7.26
23/03/1978,7.29
27/03/1978,7.34
28/03/1978,7.33
29/03/1978,7.36
30/03/1978,7.42
31/03/1978,7.48
03/04/1978,7.4
04/04/1978,7.39
05/04/1978,7.47
06/04/1978,7.46
07/04/1978,7.43
10/04/1978,7.44
11/04/1978,7.44
12/04/1978,7.41
13/04/1978,7.4
14/04/1978,7.29
17/04/1978,7.31
18/04/1978,7.31
19/04/1978,7.48
20/04/1978,7.51
21/04/1978,7.49
24/04/1978,7.47
25/04/1978,7.47
26/04/1978,7.52
27/04/1978,7.7
28/04/1978,7.7
01/05/1978,7.68
02/05/1978,7.68
03/05/1978,7.65
04/05/1978,7.64
05/05/1978,7.74
08/05/1978,7.74
09/05/1978,7.76
10/05/1978,7.79
11/05/1978,7.79
12/05/1978,7.84
15/05/1978,7.84
16/05/1978,7.84
17/05/1978,7.8
18/05/1978,7.9
19/05/1978,7.92
22/05/1978,7.93
23/05/1978,7.9
24/05/1978,7.92
25/05/1978,7.97
26/05/1978,7.95
31/05/1978,7.94
01/06/1978,7.93
02/06/1978,7.88
05/06/1978,7.85
06/06/1978,7.86
07/06/1978,7.89
08/06/1978,7.9
09/06/1978,7.96
12/06/1978,7.99
13/06/1978,8
14/06/1978,8
15/06/1978,8.02
16/06/1978,8.12
19/06/1978,8.11
20/06/1978,8.15
21/06/1978,8.21
22/06/1978,8.28
23/06/1978,8.34
26/06/1978,8.33
27/06/1978,8.3
28/06/1978,8.28
29/06/1978,8.3
30/06/1978,8.38
03/07/1978,8.32
05/07/1978,8.33
06/07/1978,8.31
07/07/1978,8.4
10/07/1978,8.41
11/07/1978,8.41
12/07/1978,8.41
13/07/1978,8.44
14/07/1978,8.41
17/07/1978,8.39
18/07/1978,8.36
19/07/1978,8.36
20/07/1978,8.52
21/07/1978,8.49
24/07/1978,8.44
25/07/1978,8.42
26/07/1978,8.41
27/07/1978,8.36
28/07/1978,8.31
31/07/1978,8.33
01/08/1978,8.29
02/08/1978,8.2
03/08/1978,8.16
04/08/1978,8.16
07/08/1978,8.1
08/08/1978,8.08
09/08/1978,8.09
10/08/1978,8.2
11/08/1978,8.2
14/08/1978,8.21
15/08/1978,8.24
16/08/1978,8.44
17/08/1978,8.46
18/08/1978,8.53
21/08/1978,8.47
22/08/1978,8.44
23/08/1978,8.35
24/08/1978,8.38
25/08/1978,8.35
28/08/1978,8.42
29/08/1978,8.45
30/08/1978,8.49
31/08/1978,8.48
01/09/1978,8.5
05/09/1978,8.44
06/09/1978,8.43
07/09/1978,8.44
08/09/1978,8.51
11/09/1978,8.52
12/09/1978,8.54
13/09/1978,8.52
14/09/1978,8.59
15/09/1978,8.64
18/09/1978,8.66
19/09/1978,8.67
20/09/1978,8.73
21/09/1978,8.7
22/09/1978,8.84
25/09/1978,8.84
26/09/1978,8.81
27/09/1978,8.81
28/09/1978,8.77
29/09/1978,8.81
02/10/1978,8.86
03/10/1978,8.85
04/10/1978,8.87
05/10/1978,8.89
06/10/1978,8.92
10/10/1978,8.91
11/10/1978,8.93
12/10/1978,8.9
13/10/1978,8.98
16/10/1978,9.14
17/10/1978,9.16
18/10/1978,9.13
19/10/1978,9.19
20/10/1978,9.22
23/10/1978,9.15
24/10/1978,9.19
25/10/1978,9.14
26/10/1978,9.3
27/10/1978,9.4
30/10/1978,9.82
31/10/1978,9.92
01/11/1978,9.94
02/11/1978,10.01
03/11/1978,10.07
06/11/1978,10.07
08/11/1978,10.18
09/11/1978,10.25
10/11/1978,10.12
13/11/1978,10.1
14/11/1978,10.02
15/11/1978,9.81
16/11/1978,9.82
17/11/1978,9.72
20/11/1978,9.77
21/11/1978,9.89
22/11/1978,9.85
24/11/1978,10.15
27/11/1978,10.13
28/11/1978,10.17
29/11/1978,10.12
30/11/1978,10.09
01/12/1978,10.02
04/12/1978,10.11
05/12/1978,10.13
06/12/1978,10.12
07/12/1978,10.19
08/12/1978,10.17
11/12/1978,10.1
12/12/1978,10.06
13/12/1978,10.09
14/12/1978,10.09
15/12/1978,10.25
18/12/1978,10.41
19/12/1978,10.49
20/12/1978,10.52
21/12/1978,10.51
22/12/1978,10.5
26/12/1978,10.5
27/12/1978,10.5
28/12/1978,10.58
29/12/1978,10.57
02/01/1979,10.58
03/01/1979,10.53
04/01/1979,10.45
05/01/1979,10.46
08/01/1979,10.49
09/01/1979,10.53
10/01/1979,10.52
11/01/1979,10.51
12/01/1979,10.52
15/01/1979,10.52
16/01/1979,10.52
17/01/1979,10.5
18/01/1979,10.51
19/01/1979,10.44
22/01/1979,10.39
23/01/1979,10.4
24/01/1979,10.36
25/01/1979,10.24
26/01/1979,10.17
29/01/1979,10.21
30/01/1979,10.14
31/01/1979,10.13
01/02/1979,10.14
02/02/1979,10.05
05/02/1979,10.13
06/02/1979,10.15
07/02/1979,10.25
08/02/1979,10.2
09/02/1979,10.24
13/02/1979,10.2
14/02/1979,10.19
15/02/1979,10.18
16/02/1979,10.18
20/02/1979,10.24
21/02/1979,10.32
22/02/1979,10.37
23/02/1979,10.39
26/02/1979,10.37
27/02/1979,10.33
28/02/1979,10.33
01/03/1979,10.41
02/03/1979,10.38
05/03/1979,10.3
06/03/1979,10.32
07/03/1979,10.27
08/03/1979,10.22
09/03/1979,10.38
12/03/1979,10.31
13/03/1979,10.3
14/03/1979,10.32
15/03/1979,10.31
16/03/1979,10.3
19/03/1979,10.27
20/03/1979,10.24
21/03/1979,10.24
22/03/1979,10.21
23/03/1979,10.16
26/03/1979,10.14
27/03/1979,10.11
28/03/1979,10.05
29/03/1979,10.08
30/03/1979,10.17
02/04/1979,10.18
03/04/1979,10.11
04/04/1979,10
05/04/1979,10.02
06/04/1979,10.13
09/04/1979,10.22
10/04/1979,10.25
11/04/1979,10.24
12/04/1979,10.23
16/04/1979,10.2
17/04/1979,10.07
18/04/1979,9.95
19/04/1979,9.95
20/04/1979,10.02
23/04/1979,9.97
24/04/1979,10.01
25/04/1979,10.04
26/04/1979,10.17
27/04/1979,10.39
30/04/1979,10.29
01/05/1979,10.24
02/05/1979,10.28
03/05/1979,10.34
04/05/1979,10.33
07/05/1979,10.31
08/05/1979,10.31
09/05/1979,10.29
10/05/1979,10.29
11/05/1979,10.15
14/05/1979,10.13
15/05/1979,10.15
16/05/1979,10.1
17/05/1979,10
18/05/1979,10.06
21/05/1979,10.14
22/05/1979,9.95
23/05/1979,9.95
24/05/1979,9.87
25/05/1979,9.85
29/05/1979,9.82
31/05/1979,9.91
01/06/1979,9.91
04/06/1979,9.92
05/06/1979,9.79
06/06/1979,9.73
07/06/1979,9.67
08/06/1979,9.58
11/06/1979,9.57
12/06/1979,9.33
13/06/1979,9.39
14/06/1979,9.42
15/06/1979,9.71
18/06/1979,9.59
19/06/1979,9.55
20/06/1979,9.56
21/06/1979,9.67
22/06/1979,9.69
25/06/1979,9.51
26/06/1979,9.4
27/06/1979,9.31
28/06/1979,9.35
29/06/1979,9.4
02/07/1979,9.38
03/07/1979,9.41
05/07/1979,9.48
06/07/1979,9.5
09/07/1979,9.58
10/07/1979,9.57
11/07/1979,9.5
12/07/1979,9.49
13/07/1979,9.51
16/07/1979,9.6
17/07/1979,9.6
18/07/1979,9.67
19/07/1979,9.78
20/07/1979,9.85
23/07/1979,9.85
24/07/1979,9.88
25/07/1979,9.81
26/07/1979,9.71
27/07/1979,9.83
30/07/1979,9.77
31/07/1979,9.75
01/08/1979,9.66
02/08/1979,9.71
03/08/1979,9.7
06/08/1979,9.64
07/08/1979,9.66
08/08/1979,9.69
09/08/1979,9.73
10/08/1979,9.88
13/08/1979,9.88
14/08/1979,9.81
15/08/1979,9.97
16/08/1979,10.03
17/08/1979,10.08
20/08/1979,10.05
21/08/1979,10.11
22/08/1979,10.14
23/08/1979,10.13
24/08/1979,10.27
27/08/1979,10.22
28/08/1979,10.26
29/08/1979,10.24
30/08/1979,10.28
31/08/1979,10.4
04/09/1979,10.68
05/09/1979,10.69
06/09/1979,10.76
07/09/1979,10.87
10/09/1979,11.02
11/09/1979,10.81
12/09/1979,10.88
13/09/1979,10.97
14/09/1979,10.89
17/09/1979,10.97
18/09/1979,10.99
19/09/1979,10.84
20/09/1979,10.85
21/09/1979,10.78
24/09/1979,10.74
25/09/1979,10.76
26/09/1979,10.84
27/09/1979,10.91
28/09/1979,10.8
01/10/1979,10.9
02/10/1979,10.89
03/10/1979,10.93
04/10/1979,11.11
05/10/1979,11.26
09/10/1979,12.28
10/10/1979,12.6
11/10/1979,12.6
12/10/1979,12.53
15/10/1979,12.6
16/10/1979,12.52
17/10/1979,12.36
18/10/1979,12.82
19/10/1979,13.12
22/10/1979,13.41
23/10/1979,13.62
24/10/1979,13.36
25/10/1979,13.38
26/10/1979,12.76
29/10/1979,12.95
30/10/1979,12.88
31/10/1979,12.89
01/11/1979,12.88
02/11/1979,12.93
05/11/1979,12.97
07/11/1979,13.19
08/11/1979,13.12
09/11/1979,12.48
13/11/1979,12.25
14/11/1979,12.38
15/11/1979,12.17
16/11/1979,12.44
19/11/1979,12.62
20/11/1979,12.65
21/11/1979,12.5
23/11/1979,12.02
26/11/1979,11.73
27/11/1979,11.64
28/11/1979,11.84
29/11/1979,11.73
30/11/1979,11.88
03/12/1979,12.08
04/12/1979,11.92
05/12/1979,11.85
06/12/1979,11.82
07/12/1979,11.98
10/12/1979,11.98
11/12/1979,12.28
12/12/1979,12.62
13/12/1979,12.38
14/12/1979,12.16
17/12/1979,12.04
18/12/1979,11.92
19/12/1979,11.82
20/12/1979,11.85
21/12/1979,11.9
24/12/1979,11.86
26/12/1979,11.85
27/12/1979,11.82
28/12/1979,11.82
31/12/1979,11.7
02/01/1980,11.89
03/01/1980,12.25
04/01/1980,12.25
07/01/1980,12.07
08/01/1980,11.94
09/01/1980,11.87
10/01/1980,11.68
11/01/1980,11.94
14/01/1980,11.96
15/01/1980,11.88
16/01/1980,11.83
17/01/1980,11.9
18/01/1980,12.05
21/01/1980,12.15
22/01/1980,12.06
23/01/1980,11.96
24/01/1980,12.15
25/01/1980,12.24
28/01/1980,12.16
29/01/1980,12.34
30/01/1980,12.29
31/01/1980,12.4
01/02/1980,12.62
04/02/1980,12.67
05/02/1980,12.91
06/02/1980,12.84
07/02/1980,12.68
08/02/1980,12.89
11/02/1980,13.1
13/02/1980,12.92
14/02/1980,13.11
15/02/1980,13.76
19/02/1980,14.38
20/02/1980,14.46
21/02/1980,14.98
22/02/1980,15
25/02/1980,15.15
26/02/1980,15.25
27/02/1980,15.27
28/02/1980,15.08
29/02/1980,15.45
03/03/1980,15.6
04/03/1980,15.51
05/03/1980,15.73
06/03/1980,16.06
07/03/1980,15.97
10/03/1980,15.56
11/03/1980,15.52
12/03/1980,15.77
13/03/1980,15.61
14/03/1980,15.92
17/03/1980,15.64
18/03/1980,15.33
19/03/1980,15.23
20/03/1980,15.8
21/03/1980,15.89
24/03/1980,16.36
25/03/1980,16.23
26/03/1980,16.47
27/03/1980,16.11
28/03/1980,16.06
31/03/1980,15.8
01/04/1980,15.85
02/04/1980,15.65
03/04/1980,15.67
07/04/1980,14.88
08/04/1980,14.95
09/04/1980,14.69
10/04/1980,14.67
11/04/1980,14.21
14/04/1980,13.89
15/04/1980,13.74
16/04/1980,12.98
17/04/1980,12.8
18/04/1980,12.64
21/04/1980,12.11
22/04/1980,11.95
23/04/1980,11.8
24/04/1980,11.71
25/04/1980,11.71
28/04/1980,11.12
29/04/1980,11.14
30/04/1980,11.12
01/05/1980,11.11
02/05/1980,10.22
05/05/1980,10.23
06/05/1980,9.67
07/05/1980,9.54
08/05/1980,9.56
09/05/1980,9.83
12/05/1980,9.51
13/05/1980,9.27
14/05/1980,9.2
15/05/1980,9.45
16/05/1980,9.79
19/05/1980,9.65
20/05/1980,9.07
21/05/1980,9.03
22/05/1980,8.9
23/05/1980,8.45
27/05/1980,8.46
28/05/1980,8.57
29/05/1980,8.84
30/05/1980,8.83
02/06/1980,8.93
03/06/1980,8.7
04/06/1980,8.55
05/06/1980,8.47
06/06/1980,8.15
09/06/1980,7.87
10/06/1980,8.18
11/06/1980,7.94
12/06/1980,7.85
13/06/1980,7.63
16/06/1980,7.7
17/06/1980,7.74
18/06/1980,8.07
19/06/1980,8.03
20/06/1980,7.82
23/06/1980,8.11
24/06/1980,8.15
25/06/1980,8.17
26/06/1980,8.3
27/06/1980,8.43
30/06/1980,8.49
01/07/1980,8.6
02/07/1980,8.56
03/07/1980,8.37
07/07/1980,8.62
08/07/1980,8.39
09/07/1980,8.42
10/07/1980,8.58
11/07/1980,8.71
14/07/1980,8.77
15/07/1980,8.66
16/07/1980,8.37
17/07/1980,8.56
18/07/1980,8.51
21/07/1980,8.45
22/07/1980,8.59
23/07/1980,8.5
24/07/1980,8.64
25/07/1980,8.71
28/07/1980,8.93
29/07/1980,8.93
30/07/1980,9
31/07/1980,9.36
01/08/1980,9.41
04/08/1980,9.31
05/08/1980,9.32
06/08/1980,9.34
07/08/1980,9.32
08/08/1980,9.45
11/08/1980,9.73
12/08/1980,9.68
13/08/1980,9.68
14/08/1980,9.7
15/08/1980,9.77
18/08/1980,10.52
19/08/1980,10.64
20/08/1980,10.77
21/08/1980,11.15
22/08/1980,10.89
25/08/1980,11.22
26/08/1980,11.18
27/08/1980,11.32
28/08/1980,11.54
29/08/1980,11.15
02/09/1980,10.87
03/09/1980,10.6
04/09/1980,10.66
05/09/1980,10.82
08/09/1980,11.03
09/09/1980,10.99
10/09/1980,10.94
11/09/1980,11.25
12/09/1980,11.37
15/09/1980,11.77
16/09/1980,11.67
17/09/1980,11.77
18/09/1980,11.67
19/09/1980,11.36
22/09/1980,12
23/09/1980,11.87
24/09/1980,11.82
25/09/1980,12.12
26/09/1980,12.56
29/09/1980,12.52
30/09/1980,12.29
01/10/1980,12.24
02/10/1980,12.4
03/10/1980,11.93
06/10/1980,11.73
07/10/1980,11.79
08/10/1980,12.33
09/10/1980,12.02
10/10/1980,12.09
14/10/1980,11.97
15/10/1980,11.76
16/10/1980,11.99
17/10/1980,12.18
20/10/1980,12.31
21/10/1980,12.41
22/10/1980,12.76
23/10/1980,12.66
24/10/1980,12.65
27/10/1980,13.19
28/10/1980,13.44
29/10/1980,13.55
30/10/1980,13.61
31/10/1980,13.78
03/11/1980,14.04
05/11/1980,14.09
06/11/1980,14.15
07/11/1980,13.61
10/11/1980,13.83
12/11/1980,13.43
13/11/1980,13.41
14/11/1980,13.75
17/11/1980,14.5
18/11/1980,14.05
19/11/1980,13.9
20/11/1980,14.06
21/11/1980,14.51
24/11/1980,14.54
25/11/1980,14.62
26/11/1980,14.94
28/11/1980,15.13
01/12/1980,15.36
02/12/1980,15.27
03/12/1980,14.95
04/12/1980,15.04
05/12/1980,15.29
08/12/1980,15.37
09/12/1980,15.45
10/12/1980,15.6
11/12/1980,15.85
12/12/1980,15.35
15/12/1980,15.61
16/12/1980,15.88
17/12/1980,15.7
18/12/1980,15.55
19/12/1980,14.47
22/12/1980,13.83
23/12/1980,13.61
24/12/1980,14.05
26/12/1980,13.78
29/12/1980,13.7
30/12/1980,13.81
31/12/1980,13.86
02/01/1981,14.06
05/01/1981,13.09
06/01/1981,13.23
07/01/1981,13.88
08/01/1981,13.96
09/01/1981,14.24
12/01/1981,14.06
13/01/1981,14.04
14/01/1981,13.75
15/01/1981,13.86
16/01/1981,13.84
19/01/1981,14.43
20/01/1981,14.2
21/01/1981,14.57
22/01/1981,14.69
23/01/1981,14.69
26/01/1981,14.29
27/01/1981,14.34
28/01/1981,14.34
29/01/1981,14.22
30/01/1981,14
02/02/1981,14.28
03/02/1981,14.51
04/02/1981,14.29
05/02/1981,14.35
06/02/1981,14.61
09/02/1981,14.68
10/02/1981,14.81
11/02/1981,15.03
13/02/1981,15.17
17/02/1981,14.82
18/02/1981,14.7
19/02/1981,14.33
20/02/1981,14.15
23/02/1981,14.47
24/02/1981,14.45
25/02/1981,14.47
26/02/1981,14.52
27/02/1981,14.59
02/03/1981,14.91
03/03/1981,14.69
04/03/1981,14.77
05/03/1981,14.73
06/03/1981,14.33
09/03/1981,14.19
10/03/1981,14.05
11/03/1981,14.07
12/03/1981,13.82
13/03/1981,13.47
16/03/1981,13.28
17/03/1981,13.21
18/03/1981,12.72
19/03/1981,12.79
20/03/1981,12.82
23/03/1981,13.4
24/03/1981,13.45
25/03/1981,13.42
26/03/1981,13.65
27/03/1981,13.61
30/03/1981,13.21
31/03/1981,13.05
01/04/1981,12.99
02/04/1981,13.23
03/04/1981,13.53
06/04/1981,14.19
07/04/1981,13.83
08/04/1981,13.91
09/04/1981,13.98
10/04/1981,13.99
13/04/1981,14.28
14/04/1981,13.99
15/04/1981,14.36
16/04/1981,14.45
20/04/1981,14.59
21/04/1981,14.62
22/04/1981,14.63
23/04/1981,14.71
24/04/1981,14.97
27/04/1981,15.09
28/04/1981,15.04
29/04/1981,15.05
30/04/1981,15.33
01/05/1981,15.04
04/05/1981,15.96
05/05/1981,16.55
06/05/1981,16.49
07/05/1981,16.39
08/05/1981,16.39
11/05/1981,16.51
12/05/1981,16.82
13/05/1981,16.76
14/05/1981,16.55
15/05/1981,16.53
18/05/1981,16.01
19/05/1981,16.43
20/05/1981,16.51
21/05/1981,16.86
22/05/1981,16.38
26/05/1981,15.81
27/05/1981,15.81
28/05/1981,15.32
29/05/1981,14.81
01/06/1981,15.13
02/06/1981,15.21
03/06/1981,15.17
04/06/1981,15.33
05/06/1981,15.27
08/06/1981,14.68
09/06/1981,14.71
10/06/1981,14.65
11/06/1981,14.85
12/06/1981,14.78
15/06/1981,14.2
16/06/1981,14.34
17/06/1981,14.67
18/06/1981,15.19
19/06/1981,14.97
22/06/1981,14.67
23/06/1981,14.88
24/06/1981,15.04
25/06/1981,14.95
26/06/1981,14.74
29/06/1981,14.6
30/06/1981,14.87
01/07/1981,15.2
02/07/1981,15.1
06/07/1981,14.93
07/07/1981,15.31
08/07/1981,15.32
09/07/1981,15.62
10/07/1981,15.18
13/07/1981,15.12
14/07/1981,15.42
15/07/1981,15.35
16/07/1981,15.44
17/07/1981,15.37
20/07/1981,16.47
21/07/1981,16.52
22/07/1981,16.49
23/07/1981,16.27
24/07/1981,16.03
27/07/1981,15.92
28/07/1981,16.23
29/07/1981,16.21
30/07/1981,16.19
31/07/1981,16.12
03/08/1981,16.58
04/08/1981,16.52
05/08/1981,16.51
06/08/1981,16.53
07/08/1981,16.65
10/08/1981,16.34
11/08/1981,16.1
12/08/1981,16.52
13/08/1981,16.59
14/08/1981,16.72
17/08/1981,16.82
18/08/1981,16.8
19/08/1981,16.69
20/08/1981,16.74
21/08/1981,16.67
24/08/1981,17.19
25/08/1981,17.09
26/08/1981,17.1
27/08/1981,17.09
28/08/1981,16.87
31/08/1981,16.97
01/09/1981,17.06
02/09/1981,17.16
03/09/1981,17.31
04/09/1981,17.24
08/09/1981,17.29
09/09/1981,17.04
10/09/1981,16.93
11/09/1981,16.46
14/09/1981,16.38
15/09/1981,16.14
16/09/1981,16.13
17/09/1981,16
18/09/1981,16.02
21/09/1981,15.73
22/09/1981,15.95
23/09/1981,16.01
24/09/1981,16.1
25/09/1981,16.44
28/09/1981,16.44
29/09/1981,16.51
30/09/1981,16.64
01/10/1981,16.59
02/10/1981,16.4
05/10/1981,15.83
06/10/1981,15.69
07/10/1981,15.62
08/10/1981,15.47
09/10/1981,15.06
13/10/1981,15.08
14/10/1981,15.11
15/10/1981,15.12
16/10/1981,15.26
19/10/1981,15.28
20/10/1981,15.36
21/10/1981,15.44
22/10/1981,15.41
23/10/1981,15.19
26/10/1981,15.38
27/10/1981,15.35
28/10/1981,15.23
29/10/1981,14.83
30/10/1981,14.31
02/11/1981,14.2
04/11/1981,13.84
05/11/1981,13.88
06/11/1981,13.38
09/11/1981,12.75
10/11/1981,12.72
12/11/1981,12.29
13/11/1981,12.26
16/11/1981,12.15
17/11/1981,12.16
18/11/1981,11.73
19/11/1981,11.69
20/11/1981,11.69
23/11/1981,12.01
24/11/1981,11.68
25/11/1981,11.49
27/11/1981,11.61
30/11/1981,11.82
01/12/1981,12.13
02/12/1981,12.36
03/12/1981,12.22
04/12/1981,11.47
07/12/1981,11.89
08/12/1981,11.93
09/12/1981,12.23
10/12/1981,12.61
11/12/1981,12.94
14/12/1981,12.91
15/12/1981,12.67
16/12/1981,12.67
17/12/1981,12.97
18/12/1981,12.75
21/12/1981,13.25
22/12/1981,13.43
23/12/1981,13.85
24/12/1981,13.69
28/12/1981,13.91
29/12/1981,13.82
30/12/1981,13.65
31/12/1981,13.35
04/01/1982,13.56
05/01/1982,13.83
06/01/1982,13.91
07/01/1982,13.93
08/01/1982,13.75
11/01/1982,14.31
12/01/1982,14.18
13/01/1982,14.51
14/01/1982,14.41
15/01/1982,14.53
18/01/1982,14.53
19/01/1982,14.59
20/01/1982,14.75
21/01/1982,14.8
22/01/1982,14.94
25/01/1982,14.89
26/01/1982,14.53
27/01/1982,14.39
28/01/1982,13.98
29/01/1982,14.04
01/02/1982,15.08
02/02/1982,14.74
03/02/1982,14.83
04/02/1982,14.83
05/02/1982,14.75
08/02/1982,15.09
09/02/1982,15.19
10/02/1982,15.05
11/02/1982,15.12
16/02/1982,15.23
17/02/1982,15.22
18/02/1982,14.79
19/02/1982,14.87
22/02/1982,14.1
23/02/1982,14.04
24/02/1982,13.94
25/02/1982,14.07
26/02/1982,14.27
01/03/1982,13.93
02/03/1982,13.88
03/03/1982,13.75
04/03/1982,13.49
05/03/1982,13.49
08/03/1982,13.36
09/03/1982,13.57
10/03/1982,13.64
11/03/1982,13.99
12/03/1982,14.08
15/03/1982,14.17
16/03/1982,14.01
17/03/1982,13.93
18/03/1982,14.07
19/03/1982,14.2
22/03/1982,13.92
23/03/1982,13.89
24/03/1982,14.02
25/03/1982,14.01
26/03/1982,14.21
29/03/1982,14.47
30/03/1982,14.45
31/03/1982,14.3
01/04/1982,14.21
02/04/1982,14.17
05/04/1982,14.06
06/04/1982,14.25
07/04/1982,14.33
08/04/1982,14.15
12/04/1982,13.94
13/04/1982,14.01
14/04/1982,14.13
15/04/1982,14.21
16/04/1982,14.04
19/04/1982,13.97
20/04/1982,13.92
21/04/1982,13.82
22/04/1982,13.84
23/04/1982,13.77
26/04/1982,13.8
27/04/1982,13.73
28/04/1982,13.78
29/04/1982,13.77
30/04/1982,13.67
03/05/1982,14.03
04/05/1982,13.94
05/05/1982,13.82
06/05/1982,13.48
07/05/1982,13.27
10/05/1982,13.42
11/05/1982,13.38
12/05/1982,13.49
13/05/1982,13.7
14/05/1982,13.46
17/05/1982,13.43
18/05/1982,13.45
19/05/1982,13.33
20/05/1982,12.82
21/05/1982,12.86
24/05/1982,12.99
25/05/1982,13.07
26/05/1982,13
27/05/1982,13
28/05/1982,12.93
01/06/1982,13.37
02/06/1982,13.43
03/06/1982,13.42
04/06/1982,13.63
07/06/1982,13.51
08/06/1982,13.59
09/06/1982,13.6
10/06/1982,13.63
11/06/1982,13.6
14/06/1982,13.97
15/06/1982,14.03
16/06/1982,14.06
17/06/1982,14.43
18/06/1982,14.62
21/06/1982,14.48
22/06/1982,14.57
23/06/1982,14.64
24/06/1982,14.65
25/06/1982,14.74
28/06/1982,14.62
29/06/1982,14.5
30/06/1982,14.34
01/07/1982,14.24
02/07/1982,14.35
06/07/1982,14.36
07/07/1982,14.31
08/07/1982,13.68
09/07/1982,13.57
12/07/1982,13.39
13/07/1982,13.72
14/07/1982,13.76
15/07/1982,13.48
16/07/1982,12.95
19/07/1982,12.84
20/07/1982,12.42
21/07/1982,12.57
22/07/1982,12.37
23/07/1982,12.32
26/07/1982,12.71
27/07/1982,12.73
28/07/1982,12.88
29/07/1982,12.76
30/07/1982,12.56
02/08/1982,12.04
03/08/1982,12.22
04/08/1982,12.29
05/08/1982,12.4
06/08/1982,12.66
09/08/1982,12.39
10/08/1982,12.46
11/08/1982,12.45
12/08/1982,12.06
13/08/1982,11.78
16/08/1982,11.38
17/08/1982,10.83
18/08/1982,10.73
19/08/1982,10.27
20/08/1982,9.94
23/08/1982,10.4
24/08/1982,10.47
25/08/1982,10.54
26/08/1982,10.56
27/08/1982,11.19
30/08/1982,11.23
31/08/1982,11.13
01/09/1982,11.21
02/09/1982,11.13
03/09/1982,10.88
07/09/1982,10.96
08/09/1982,11.03
09/09/1982,10.96
10/09/1982,11.25
13/09/1982,11.06
14/09/1982,10.93
15/09/1982,11.27
16/09/1982,11.19
17/09/1982,11.03
20/09/1982,10.98
21/09/1982,10.73
22/09/1982,10.52
23/09/1982,10.51
24/09/1982,10.62
27/09/1982,10.64
28/09/1982,10.45
29/09/1982,10.32
30/09/1982,10.26
01/10/1982,10.05
04/10/1982,10.6
05/10/1982,10.53
06/10/1982,10.36
07/10/1982,9.55
08/10/1982,9.2
12/10/1982,8.67
13/10/1982,8.73
14/10/1982,8.87
15/10/1982,8.99
18/10/1982,8.73
19/10/1982,8.8
20/10/1982,8.9
21/10/1982,8.96
22/10/1982,9.08
25/10/1982,9.39
26/10/1982,9.24
27/10/1982,9.29
28/10/1982,9.19
29/10/1982,9.21
01/11/1982,9.03
03/11/1982,9.06
04/11/1982,8.98
05/11/1982,9.03
08/11/1982,9.23
09/11/1982,9.13
10/11/1982,9.12
12/11/1982,9.28
15/11/1982,9.37
16/11/1982,9.28
17/11/1982,9.26
18/11/1982,9.18
19/11/1982,9.05
22/11/1982,9.01
23/11/1982,9.06
24/11/1982,9.12
26/11/1982,9.08
29/11/1982,9.38
30/11/1982,9.38
01/12/1982,9.38
02/12/1982,9.22
03/12/1982,8.93
06/12/1982,9.02
07/12/1982,8.98
08/12/1982,9.12
09/12/1982,9.07
10/12/1982,9.13
13/12/1982,9.03
14/12/1982,8.71
15/12/1982,8.72
16/12/1982,8.79
17/12/1982,8.91
20/12/1982,8.89
21/12/1982,8.75
22/12/1982,8.79
23/12/1982,8.78
27/12/1982,8.7
28/12/1982,8.76
29/12/1982,8.8
30/12/1982,8.79
31/12/1982,8.68
03/01/1983,8.62
04/01/1983,8.7
05/01/1983,8.66
06/01/1983,8.62
07/01/1983,8.51
10/01/1983,8.46
11/01/1983,8.46
12/01/1983,8.46
13/01/1983,8.37
14/01/1983,8.3
17/01/1983,8.42
18/01/1983,8.43
19/01/1983,8.54
20/01/1983,8.63
21/01/1983,8.8
24/01/1983,8.9
25/01/1983,8.8
26/01/1983,8.85
27/01/1983,8.79
28/01/1983,8.83
31/01/1983,8.91
01/02/1983,8.93
02/02/1983,8.98
03/02/1983,8.98
04/02/1983,9.11
07/02/1983,9.1
08/02/1983,9.14
09/02/1983,9.13
10/02/1983,8.98
11/02/1983,8.97
14/02/1983,9.07
15/02/1983,9.08
16/02/1983,8.96
17/02/1983,8.97
18/02/1983,8.83
22/02/1983,8.75
23/02/1983,8.73
24/02/1983,8.66
25/02/1983,8.55
28/02/1983,8.61
01/03/1983,8.58
02/03/1983,8.59
03/03/1983,8.56
04/03/1983,8.63
07/03/1983,8.81
08/03/1983,8.94
09/03/1983,8.93
10/03/1983,9
11/03/1983,8.98
14/03/1983,8.93
15/03/1983,8.93
16/03/1983,9.01
17/03/1983,9.13
18/03/1983,9.24
21/03/1983,9.27
22/03/1983,9.31
23/03/1983,9.2
24/03/1983,9.23
25/03/1983,9.39
28/03/1983,9.39
29/03/1983,9.29
30/03/1983,9.32
31/03/1983,9.34
04/04/1983,9.35
05/04/1983,9.18
06/04/1983,9.12
07/04/1983,9.12
08/04/1983,9.1
11/04/1983,8.92
12/04/1983,8.96
13/04/1983,8.95
14/04/1983,8.92
15/04/1983,8.94
18/04/1983,8.89
19/04/1983,8.99
20/04/1983,8.98
21/04/1983,9.05
22/04/1983,8.97
25/04/1983,8.92
26/04/1983,8.89
27/04/1983,8.79
28/04/1983,8.79
29/04/1983,8.75
02/05/1983,8.69
03/05/1983,8.67
04/05/1983,8.62
05/05/1983,8.65
06/05/1983,8.58
09/05/1983,8.75
10/05/1983,8.64
11/05/1983,8.62
12/05/1983,8.79
13/05/1983,8.68
16/05/1983,8.86
17/05/1983,8.9
18/05/1983,8.88
19/05/1983,8.98
20/05/1983,9.04
23/05/1983,9.16
24/05/1983,9.19
25/05/1983,9.21
26/05/1983,9.31
27/05/1983,9.29
31/05/1983,9.48
01/06/1983,9.39
02/06/1983,9.36
03/06/1983,9.48
06/06/1983,9.53
07/06/1983,9.66
08/06/1983,9.73
09/06/1983,9.58
10/06/1983,9.68
13/06/1983,9.52
14/06/1983,9.58
15/06/1983,9.55
16/06/1983,9.51
17/06/1983,9.56
20/06/1983,9.83
21/06/1983,9.78
22/06/1983,9.79
23/06/1983,9.8
24/06/1983,9.92
27/06/1983,9.91
28/06/1983,9.84
29/06/1983,9.76
30/06/1983,9.7
01/07/1983,9.67
05/07/1983,10.01
06/07/1983,9.98
07/07/1983,10.2
08/07/1983,10.29
11/07/1983,10.16
12/07/1983,10.29
13/07/1983,10.28
14/07/1983,10.26
15/07/1983,10.37
18/07/1983,10.27
19/07/1983,10.22
20/07/1983,10.12
21/07/1983,10.1
22/07/1983,10.19
25/07/1983,10.2
26/07/1983,10.24
27/07/1983,10.22
28/07/1983,10.39
29/07/1983,10.48
01/08/1983,10.53
02/08/1983,10.65
03/08/1983,10.57
04/08/1983,10.7
05/08/1983,10.68
08/08/1983,10.78
09/08/1983,10.72
10/08/1983,10.81
11/08/1983,10.78
12/08/1983,10.77
15/08/1983,10.58
16/08/1983,10.44
17/08/1983,10.37
18/08/1983,10.36
19/08/1983,10.4
22/08/1983,10.21
23/08/1983,10.28
24/08/1983,10.19
25/08/1983,10.29
26/08/1983,10.37
29/08/1983,10.54
30/08/1983,10.55
31/08/1983,10.59
01/09/1983,10.57
02/09/1983,10.62
06/09/1983,10.46
07/09/1983,10.33
08/09/1983,10.37
09/09/1983,10.36
12/09/1983,10.12
13/09/1983,10.16
14/09/1983,10.28
15/09/1983,10.31
16/09/1983,10.19
19/09/1983,10.06
20/09/1983,9.99
21/09/1983,10.05
22/09/1983,10.05
23/09/1983,9.92
26/09/1983,9.78
27/09/1983,9.85
28/09/1983,9.93
29/09/1983,9.99
30/09/1983,9.89
03/10/1983,9.9
04/10/1983,9.83
05/10/1983,9.71
06/10/1983,9.71
07/10/1983,9.72
11/10/1983,9.93
12/10/1983,9.92
13/10/1983,9.94
14/10/1983,9.89
17/10/1983,9.69
18/10/1983,9.71
19/10/1983,9.68
20/10/1983,9.71
21/10/1983,9.66
24/10/1983,9.89
25/10/1983,9.87
26/10/1983,9.86
27/10/1983,9.81
28/10/1983,9.85
31/10/1983,9.82
01/11/1983,9.9
02/11/1983,9.87
03/11/1983,9.94
04/11/1983,10.07
07/11/1983,10.03
09/11/1983,9.96
10/11/1983,9.87
14/11/1983,9.85
15/11/1983,9.9
16/11/1983,9.92
17/11/1983,9.97
18/11/1983,9.97
21/11/1983,9.9
22/11/1983,9.85
23/11/1983,9.93
25/11/1983,9.91
28/11/1983,10.02
29/11/1983,9.97
30/11/1983,9.98
01/12/1983,9.99
02/12/1983,10.08
05/12/1983,10.08
06/12/1983,10.04
07/12/1983,10.08
08/12/1983,10.16
09/12/1983,10.13
12/12/1983,10.06
13/12/1983,10.18
14/12/1983,10.17
15/12/1983,10.18
16/12/1983,10.14
19/12/1983,10.13
20/12/1983,10.16
21/12/1983,10.11
22/12/1983,10.1
23/12/1983,10.14
27/12/1983,10.08
28/12/1983,10.11
29/12/1983,10.09
30/12/1983,10.08
03/01/1984,10.11
04/01/1984,10.03
05/01/1984,9.99
06/01/1984,9.93
09/01/1984,9.98
10/01/1984,9.92
11/01/1984,9.99
12/01/1984,9.98
13/01/1984,9.66
16/01/1984,9.76
17/01/1984,9.85
18/01/1984,9.97
19/01/1984,9.88
20/01/1984,9.86
23/01/1984,9.87
24/01/1984,9.88
25/01/1984,9.87
26/01/1984,9.87
27/01/1984,9.85
30/01/1984,9.83
31/01/1984,9.85
01/02/1984,9.8
02/02/1984,9.78
03/02/1984,9.8
06/02/1984,9.97
07/02/1984,9.95
08/02/1984,9.94
09/02/1984,9.9
10/02/1984,9.95
14/02/1984,10.02
15/02/1984,9.96
16/02/1984,10.01
17/02/1984,10.2
21/02/1984,10.18
22/02/1984,10.17
23/02/1984,10.29
24/02/1984,10.18
27/02/1984,10.26
28/02/1984,10.25
29/02/1984,10.21
01/03/1984,10.28
02/03/1984,10.18
05/03/1984,10.24
06/03/1984,10.26
07/03/1984,10.32
08/03/1984,10.38
09/03/1984,10.46
12/03/1984,10.43
13/03/1984,10.47
14/03/1984,10.56
15/03/1984,10.53
16/03/1984,10.65
19/03/1984,10.73
20/03/1984,10.81
21/03/1984,10.85
22/03/1984,10.93
23/03/1984,10.91
26/03/1984,10.87
27/03/1984,10.83
28/03/1984,10.75
29/03/1984,10.72
30/03/1984,10.8
02/04/1984,10.84
03/04/1984,10.98
04/04/1984,10.99
05/04/1984,10.97
06/04/1984,10.79
09/04/1984,10.71
10/04/1984,10.71
11/04/1984,10.71
12/04/1984,10.74
13/04/1984,10.91
16/04/1984,10.95
17/04/1984,10.87
18/04/1984,10.95
19/04/1984,10.98
23/04/1984,10.97
24/04/1984,10.95
25/04/1984,10.97
26/04/1984,10.93
27/04/1984,11.06
30/04/1984,11.11
01/05/1984,11.08
02/05/1984,11.16
03/05/1984,11.17
04/05/1984,11.41
07/05/1984,11.49
08/05/1984,11.47
09/05/1984,11.5
10/05/1984,11.5
11/05/1984,11.65
14/05/1984,11.69
15/05/1984,11.69
16/05/1984,11.62
17/05/1984,11.72
18/05/1984,11.68
21/05/1984,11.66
22/05/1984,11.8
23/05/1984,11.85
24/05/1984,12
25/05/1984,11.9
29/05/1984,12.07
30/05/1984,12.2
31/05/1984,12.15
01/06/1984,11.96
04/06/1984,11.85
05/06/1984,11.82
06/06/1984,11.89
07/06/1984,12
08/06/1984,12.03
11/06/1984,12.2
12/06/1984,12.13
13/06/1984,11.97
14/06/1984,11.93
15/06/1984,11.85
18/06/1984,11.91
19/06/1984,11.91
20/06/1984,12.26
21/06/1984,12.34
22/06/1984,12.31
25/06/1984,12.24
26/06/1984,12.29
27/06/1984,12.25
28/06/1984,12.32
29/06/1984,12.3
02/07/1984,12.23
03/07/1984,12.19
05/07/1984,12.1
06/07/1984,12.15
09/07/1984,12.05
10/07/1984,12.1
11/07/1984,12.23
12/07/1984,12.13
13/07/1984,11.99
16/07/1984,12.07
17/07/1984,12.11
18/07/1984,12.01
19/07/1984,11.95
20/07/1984,12
23/07/1984,12.06
24/07/1984,12
25/07/1984,11.86
26/07/1984,11.76
27/07/1984,11.8
30/07/1984,11.9
31/07/1984,11.86
01/08/1984,11.82
02/08/1984,11.85
03/08/1984,11.75
06/08/1984,11.88
07/08/1984,11.85
08/08/1984,11.8
09/08/1984,11.74
10/08/1984,11.73
13/08/1984,11.81
14/08/1984,11.71
15/08/1984,11.7
16/08/1984,11.7
17/08/1984,11.73
20/08/1984,11.8
21/08/1984,11.8
22/08/1984,11.78
23/08/1984,11.81
24/08/1984,11.81
27/08/1984,11.95
28/08/1984,11.97
29/08/1984,11.97
30/08/1984,11.99
31/08/1984,11.96
04/09/1984,12.01
05/09/1984,12.02
06/09/1984,11.95
07/09/1984,11.83
10/09/1984,11.65
11/09/1984,11.68
12/09/1984,11.69
13/09/1984,11.56
14/09/1984,11.48
17/09/1984,11.53
18/09/1984,11.45
19/09/1984,11.34
20/09/1984,11.3
21/09/1984,11.43
24/09/1984,11.49
25/09/1984,11.43
26/09/1984,11.42
27/09/1984,11.32
28/09/1984,11.43
01/10/1984,11.44
02/10/1984,11.44
03/10/1984,11.4
04/10/1984,11.37
05/10/1984,11.31
09/10/1984,11.25
10/10/1984,11.23
11/10/1984,11.12
12/10/1984,11.03
15/10/1984,11.11
16/10/1984,11.1
17/10/1984,10.99
18/10/1984,10.82
19/10/1984,10.61
22/10/1984,10.62
23/10/1984,10.45
24/10/1984,10.29
25/10/1984,10.35
26/10/1984,10.59
29/10/1984,10.55
30/10/1984,10.37
31/10/1984,10.26
01/11/1984,10.18
02/11/1984,10.17
05/11/1984,10.01
07/11/1984,9.93
08/11/1984,10.06
09/11/1984,9.91
13/11/1984,10.06
14/11/1984,10.08
15/11/1984,9.95
16/11/1984,9.85
19/11/1984,9.85
20/11/1984,9.76
21/11/1984,9.53
23/11/1984,9.43
26/11/1984,9.48
27/11/1984,9.51
28/11/1984,9.51
29/11/1984,9.52
30/11/1984,9.71
03/12/1984,9.66
04/12/1984,9.59
05/12/1984,9.58
06/12/1984,9.68
07/12/1984,9.65
10/12/1984,9.63
11/12/1984,9.57
12/12/1984,9.44
13/12/1984,9.54
14/12/1984,9.26
17/12/1984,9.18
18/12/1984,9.01
19/12/1984,9.04
20/12/1984,9.14
21/12/1984,9.1
24/12/1984,9.02
26/12/1984,9.08
27/12/1984,9.11
28/12/1984,9.17
31/12/1984,9.22
02/01/1985,9.19
03/01/1985,9.17
04/01/1985,9.17
07/01/1985,9.03
08/01/1985,9.04
09/01/1985,8.95
10/01/1985,9.05
11/01/1985,9.13
14/01/1985,9.12
15/01/1985,9.04
16/01/1985,9.04
17/01/1985,9.04
18/01/1985,8.99
22/01/1985,8.91
23/01/1985,8.9
24/01/1985,8.88
25/01/1985,8.9
28/01/1985,8.95
29/01/1985,8.97
30/01/1985,8.95
31/01/1985,9.09
01/02/1985,9.21
04/02/1985,9.2
05/02/1985,9.14
06/02/1985,9.15
07/02/1985,9.21
08/02/1985,9.18
11/02/1985,9.22
13/02/1985,9.22
14/02/1985,9.18
15/02/1985,9.15
19/02/1985,9.13
20/02/1985,9.24
21/02/1985,9.4
22/02/1985,9.44
25/02/1985,9.41
26/02/1985,9.41
27/02/1985,9.64
28/02/1985,9.72
01/03/1985,9.87
04/03/1985,9.91
05/03/1985,9.84
06/03/1985,9.88
07/03/1985,10.08
08/03/1985,9.76
11/03/1985,9.71
12/03/1985,9.8
13/03/1985,9.95
14/03/1985,10.07
15/03/1985,10
18/03/1985,10.09
19/03/1985,10.04
20/03/1985,10
21/03/1985,9.84
22/03/1985,9.89
25/03/1985,9.83
26/03/1985,9.77
27/03/1985,9.71
28/03/1985,9.61
29/03/1985,9.49
01/04/1985,9.51
02/04/1985,9.54
03/04/1985,9.55
04/04/1985,9.54
08/04/1985,9.53
09/04/1985,9.4
10/04/1985,9.36
11/04/1985,9.14
12/04/1985,9.15
15/04/1985,9.15
16/04/1985,8.95
17/04/1985,9.01
18/04/1985,8.77
19/04/1985,8.86
22/04/1985,8.77
23/04/1985,8.9
24/04/1985,8.88
25/04/1985,8.96
26/04/1985,8.93
29/04/1985,9.07
30/04/1985,8.99
01/05/1985,8.89
02/05/1985,8.91
03/05/1985,8.73
06/05/1985,8.76
07/05/1985,8.72
08/05/1985,8.76
09/05/1985,8.73
10/05/1985,8.68
13/05/1985,8.69
14/05/1985,8.58
15/05/1985,8.49
16/05/1985,8.38
17/05/1985,8.45
20/05/1985,8.21
21/05/1985,8.23
22/05/1985,8.21
23/05/1985,8.25
24/05/1985,8.19
28/05/1985,8.14
29/05/1985,8.15
30/05/1985,8.09
31/05/1985,7.98
03/06/1985,7.83
04/06/1985,7.81
05/06/1985,7.63
06/06/1985,7.72
07/06/1985,7.99
10/06/1985,8.04
11/06/1985,7.92
12/06/1985,7.88
13/06/1985,7.87
14/06/1985,7.54
17/06/1985,7.59
18/06/1985,7.48
19/06/1985,7.6
20/06/1985,7.7
21/06/1985,7.94
24/06/1985,7.98
25/06/1985,8.02
26/06/1985,7.98
27/06/1985,7.86
28/06/1985,7.71
01/07/1985,7.72
02/07/1985,7.73
03/07/1985,7.75
05/07/1985,7.43
08/07/1985,7.6
09/07/1985,7.65
10/07/1985,7.66
11/07/1985,7.84
12/07/1985,7.88
15/07/1985,7.84
16/07/1985,7.76
17/07/1985,7.71
18/07/1985,7.88
19/07/1985,7.92
22/07/1985,8.02
23/07/1985,8.05
24/07/1985,8.04
25/07/1985,8.01
26/07/1985,8.02
29/07/1985,8.07
30/07/1985,8.14
31/07/1985,8.12
01/08/1985,8.12
02/08/1985,8.23
05/08/1985,8.22
06/08/1985,8.18
07/08/1985,8.16
08/08/1985,8.11
09/08/1985,8.08
12/08/1985,8.07
13/08/1985,8.1
14/08/1985,8.05
15/08/1985,8.1
16/08/1985,8.01
19/08/1985,8
20/08/1985,8
21/08/1985,7.92
22/08/1985,7.91
23/08/1985,7.94
26/08/1985,7.98
27/08/1985,7.94
28/08/1985,7.95
29/08/1985,7.94
30/08/1985,8.03
03/09/1985,8.02
04/09/1985,7.92
05/09/1985,8.02
06/09/1985,8.21
09/09/1985,8.22
10/09/1985,8.19
11/09/1985,8.23
12/09/1985,8.21
13/09/1985,8.14
16/09/1985,8.09
17/09/1985,8.13
18/09/1985,8.12
19/09/1985,8.16
20/09/1985,8.07
23/09/1985,7.94
24/09/1985,7.9
25/09/1985,7.81
26/09/1985,7.87
30/09/1985,7.99
01/10/1985,7.94
02/10/1985,7.95
03/10/1985,7.97
04/10/1985,7.97
07/10/1985,8.07
08/10/1985,8.06
09/10/1985,8.05
10/10/1985,8.08
11/10/1985,8.05
15/10/1985,8.06
16/10/1985,8.02
17/10/1985,7.99
18/10/1985,7.97
21/10/1985,7.98
22/10/1985,7.98
23/10/1985,8.02
24/10/1985,8.09
25/10/1985,8.07
28/10/1985,8.08
29/10/1985,8.01
30/10/1985,7.91
31/10/1985,7.92
01/11/1985,7.91
04/11/1985,7.95
05/11/1985,7.93
06/11/1985,7.91
07/11/1985,7.92
08/11/1985,7.82
12/11/1985,7.81
13/11/1985,7.88
14/11/1985,7.91
15/11/1985,7.94
18/11/1985,7.83
19/11/1985,7.83
20/11/1985,7.87
21/11/1985,7.84
22/11/1985,7.86
25/11/1985,7.87
26/11/1985,7.9
27/11/1985,7.86
29/11/1985,7.85
02/12/1985,7.91
03/12/1985,7.92
04/12/1985,7.87
05/12/1985,7.91
06/12/1985,7.89
09/12/1985,7.83
10/12/1985,7.76
11/12/1985,7.53
12/12/1985,7.61
13/12/1985,7.5
16/12/1985,7.53
17/12/1985,7.52
18/12/1985,7.64
19/12/1985,7.59
20/12/1985,7.58
23/12/1985,7.63
24/12/1985,7.63
26/12/1985,7.55
27/12/1985,7.55
30/12/1985,7.62
31/12/1985,7.6
02/01/1986,7.64
03/01/1986,7.65
06/01/1986,7.64
07/01/1986,7.59
08/01/1986,7.73
09/01/1986,7.83
10/01/1986,7.89
13/01/1986,7.95
14/01/1986,7.93
15/01/1986,7.85
16/01/1986,7.79
17/01/1986,7.8
21/01/1986,7.77
22/01/1986,7.76
23/01/1986,7.71
24/01/1986,7.68
27/01/1986,7.63
28/01/1986,7.6
29/01/1986,7.65
30/01/1986,7.64
31/01/1986,7.57
03/02/1986,7.59
04/02/1986,7.55
05/02/1986,7.58
06/02/1986,7.63
07/02/1986,7.8
10/02/1986,7.74
11/02/1986,7.68
12/02/1986,7.71
13/02/1986,7.71
14/02/1986,7.59
18/02/1986,7.56
19/02/1986,7.67
20/02/1986,7.68
21/02/1986,7.56
24/02/1986,7.53
25/02/1986,7.59
26/02/1986,7.57
27/02/1986,7.48
28/02/1986,7.43
03/03/1986,7.35
04/03/1986,7.23
05/03/1986,7.3
06/03/1986,7.14
07/03/1986,7.07
10/03/1986,7.01
11/03/1986,7.03
12/03/1986,7.04
13/03/1986,7.07
14/03/1986,7
17/03/1986,7.03
18/03/1986,7.03
19/03/1986,7.02
20/03/1986,7
21/03/1986,6.98
24/03/1986,6.92
25/03/1986,6.93
26/03/1986,6.92
27/03/1986,6.79
31/03/1986,6.72
01/04/1986,6.7
02/04/1986,6.68
03/04/1986,6.68
04/04/1986,6.58
07/04/1986,6.56
08/04/1986,6.48
09/04/1986,6.33
10/04/1986,6.32
11/04/1986,6.34
14/04/1986,6.26
15/04/1986,6.26
16/04/1986,6.14
17/04/1986,6.19
18/04/1986,6.19
21/04/1986,6.23
22/04/1986,6.32
23/04/1986,6.48
24/04/1986,6.62
25/04/1986,6.65
28/04/1986,6.59
29/04/1986,6.55
30/04/1986,6.54
01/05/1986,6.55
02/05/1986,6.57
05/05/1986,6.51
06/05/1986,6.48
07/05/1986,6.49
08/05/1986,6.45
09/05/1986,6.51
12/05/1986,6.61
13/05/1986,6.61
14/05/1986,6.56
15/05/1986,6.65
16/05/1986,6.8
19/05/1986,6.8
20/05/1986,6.75
21/05/1986,6.72
22/05/1986,6.73
23/05/1986,6.7
27/05/1986,6.67
28/05/1986,6.72
29/05/1986,6.87
30/05/1986,6.88
02/06/1986,7
03/06/1986,7.01
04/06/1986,7.08
05/06/1986,7.05
06/06/1986,6.84
09/06/1986,6.9
10/06/1986,6.89
11/06/1986,6.93
12/06/1986,6.88
13/06/1986,6.66
16/06/1986,6.63
17/06/1986,6.58
18/06/1986,6.57
19/06/1986,6.66
20/06/1986,6.6
23/06/1986,6.6
24/06/1986,6.57
25/06/1986,6.53
26/06/1986,6.52
27/06/1986,6.47
30/06/1986,6.41
01/07/1986,6.39
02/07/1986,6.38
03/07/1986,6.26
07/07/1986,6.26
08/07/1986,6.41
09/07/1986,6.31
10/07/1986,6.29
11/07/1986,6.17
14/07/1986,6.18
15/07/1986,6.17
16/07/1986,6.2
17/07/1986,6.21
18/07/1986,6.15
21/07/1986,6.14
22/07/1986,6.2
23/07/1986,6.29
24/07/1986,6.3
25/07/1986,6.32
28/07/1986,6.39
29/07/1986,6.33
30/07/1986,6.3
31/07/1986,6.2
01/08/1986,6.15
04/08/1986,6.13
05/08/1986,6.16
06/08/1986,6.2
07/08/1986,6.19
08/08/1986,6.12
11/08/1986,6.08
12/08/1986,6.03
13/08/1986,5.97
14/08/1986,6
15/08/1986,5.98
18/08/1986,5.98
19/08/1986,5.89
20/08/1986,5.85
21/08/1986,5.74
22/08/1986,5.78
25/08/1986,5.72
26/08/1986,5.68
27/08/1986,5.73
28/08/1986,5.68
29/08/1986,5.52
02/09/1986,5.59
03/09/1986,5.68
04/09/1986,5.63
05/09/1986,5.72
08/09/1986,5.78
09/09/1986,5.77
10/09/1986,5.74
11/09/1986,5.84
12/09/1986,5.8
15/09/1986,5.77
16/09/1986,5.76
17/09/1986,5.77
18/09/1986,5.87
19/09/1986,5.86
22/09/1986,5.82
23/09/1986,5.83
24/09/1986,5.78
25/09/1986,5.78
26/09/1986,5.79
29/09/1986,5.86
30/09/1986,5.82
01/10/1986,5.82
02/10/1986,5.83
03/10/1986,5.6
06/10/1986,5.58
07/10/1986,5.57
08/10/1986,5.55
09/10/1986,5.57
10/10/1986,5.59
14/10/1986,5.69
15/10/1986,5.7
16/10/1986,5.72
17/10/1986,5.81
20/10/1986,5.88
21/10/1986,5.83
22/10/1986,5.82
23/10/1986,5.79
24/10/1986,5.79
27/10/1986,5.76
28/10/1986,5.79
29/10/1986,5.75
30/10/1986,5.69
31/10/1986,5.73
03/11/1986,5.71
04/11/1986,5.72
05/11/1986,5.75
06/11/1986,5.79
07/11/1986,5.85
10/11/1986,5.92
12/11/1986,5.89
13/11/1986,5.87
14/11/1986,5.86
17/11/1986,5.84
18/11/1986,5.81
19/11/1986,5.73
20/11/1986,5.82
21/11/1986,5.75
24/11/1986,5.75
25/11/1986,5.77
26/11/1986,5.78
28/11/1986,5.76
01/12/1986,5.82
02/12/1986,5.8
03/12/1986,5.75
04/12/1986,5.73
05/12/1986,5.81
08/12/1986,5.83
09/12/1986,5.82
10/12/1986,5.82
11/12/1986,5.83
12/12/1986,5.84
15/12/1986,5.88
16/12/1986,5.88
17/12/1986,5.93
18/12/1986,5.9
19/12/1986,5.89
22/12/1986,5.91
23/12/1986,5.94
24/12/1986,5.92
26/12/1986,5.91
29/12/1986,6.02
30/12/1986,6.06
31/12/1986,5.95
02/01/1987,5.86
05/01/1987,5.85
06/01/1987,5.85
07/01/1987,5.78
08/01/1987,5.78
09/01/1987,5.76
12/01/1987,5.76
13/01/1987,5.78
14/01/1987,5.78
15/01/1987,5.78
16/01/1987,5.72
20/01/1987,5.65
21/01/1987,5.7
22/01/1987,5.7
23/01/1987,5.7
26/01/1987,5.79
27/01/1987,5.81
28/01/1987,5.79
29/01/1987,5.8
30/01/1987,5.93
02/02/1987,5.93
03/02/1987,5.92
04/02/1987,5.93
05/02/1987,5.87
06/02/1987,5.93
09/02/1987,5.99
10/02/1987,6.08
11/02/1987,6.11
12/02/1987,6.03
13/02/1987,6.05
17/02/1987,6.09
18/02/1987,6.02
19/02/1987,5.9
20/02/1987,5.89
23/02/1987,5.88
24/02/1987,5.88
25/02/1987,5.91
26/02/1987,5.91
27/02/1987,5.9
02/03/1987,5.92
03/03/1987,5.96
04/03/1987,5.9
05/03/1987,5.91
06/03/1987,6.02
09/03/1987,6.04
10/03/1987,6.09
11/03/1987,6.09
12/03/1987,6.09
13/03/1987,6.01
16/03/1987,6.04
17/03/1987,6
18/03/1987,5.99
19/03/1987,5.95
20/03/1987,5.98
23/03/1987,6.03
24/03/1987,6.06
25/03/1987,6.07
26/03/1987,6.06
27/03/1987,6.14
30/03/1987,6.23
31/03/1987,6.15
01/04/1987,6.21
02/04/1987,6.18
03/04/1987,6.14
06/04/1987,6.1
07/04/1987,6.15
08/04/1987,6.17
09/04/1987,6.33
10/04/1987,6.56
13/04/1987,6.69
14/04/1987,6.73
15/04/1987,6.57
16/04/1987,6.41
20/04/1987,6.61
21/04/1987,6.52
22/04/1987,6.66
23/04/1987,6.72
24/04/1987,6.84
27/04/1987,6.88
28/04/1987,6.75
29/04/1987,6.75
30/04/1987,6.62
01/05/1987,6.78
04/05/1987,6.92
05/05/1987,6.9
06/05/1987,6.85
07/05/1987,6.87
08/05/1987,6.84
11/05/1987,6.92
12/05/1987,6.92
13/05/1987,7
14/05/1987,7.02
15/05/1987,7.27
18/05/1987,7.24
19/05/1987,7.3
20/05/1987,7.23
21/05/1987,7.12
22/05/1987,7.1
26/05/1987,6.96
27/05/1987,7.01
28/05/1987,6.94
29/05/1987,6.88
01/06/1987,6.88
02/06/1987,6.98
03/06/1987,6.91
04/06/1987,6.87
05/06/1987,6.9
08/06/1987,6.9
09/06/1987,6.83
10/06/1987,6.76
11/06/1987,6.78
12/06/1987,6.71
15/06/1987,6.73
16/06/1987,6.74
17/06/1987,6.72
18/06/1987,6.73
19/06/1987,6.72
22/06/1987,6.69
23/06/1987,6.75
24/06/1987,6.83
25/06/1987,6.77
26/06/1987,6.8
29/06/1987,6.73
30/06/1987,6.77
01/07/1987,6.69
02/07/1987,6.66
06/07/1987,6.67
07/07/1987,6.63
08/07/1987,6.62
09/07/1987,6.64
10/07/1987,6.51
13/07/1987,6.51
14/07/1987,6.5
15/07/1987,6.57
16/07/1987,6.54
17/07/1987,6.55
20/07/1987,6.58
21/07/1987,6.69
22/07/1987,6.73
23/07/1987,6.74
24/07/1987,6.82
27/07/1987,6.84
28/07/1987,6.86
29/07/1987,6.91
30/07/1987,6.88
31/07/1987,6.89
03/08/1987,7.01
04/08/1987,7.01
05/08/1987,6.9
06/08/1987,6.91
07/08/1987,6.97
10/08/1987,6.98
11/08/1987,6.94
12/08/1987,6.92
13/08/1987,6.89
14/08/1987,6.91
17/08/1987,6.93
18/08/1987,6.98
19/08/1987,7.04
20/08/1987,7.07
21/08/1987,7.04
24/08/1987,7.07
25/08/1987,7.08
26/08/1987,7.15
27/08/1987,7.24
28/08/1987,7.26
31/08/1987,7.23
01/09/1987,7.3
02/09/1987,7.4
03/09/1987,7.5
04/09/1987,7.63
08/09/1987,7.78
09/09/1987,7.75
10/09/1987,7.67
11/09/1987,7.66
14/09/1987,7.67
15/09/1987,7.66
16/09/1987,7.66
17/09/1987,7.65
18/09/1987,7.62
21/09/1987,7.68
22/09/1987,7.67
23/09/1987,7.66
24/09/1987,7.74
25/09/1987,7.77
28/09/1987,7.76
29/09/1987,7.88
30/09/1987,7.92
01/10/1987,7.94
02/10/1987,7.92
05/10/1987,8
06/10/1987,8.01
07/10/1987,8
08/10/1987,8.24
09/10/1987,8.25
13/10/1987,8.17
14/10/1987,8.35
15/10/1987,8.42
16/10/1987,8.38
19/10/1987,7.98
20/10/1987,7.15
21/10/1987,7.03
22/10/1987,7.02
23/10/1987,6.93
26/10/1987,6.73
27/10/1987,6.81
28/10/1987,6.72
29/10/1987,6.66
30/10/1987,6.75
02/11/1987,6.98
03/11/1987,6.87
04/11/1987,6.83
05/11/1987,6.76
06/11/1987,6.9
09/11/1987,6.92
10/11/1987,6.89
12/11/1987,6.96
13/11/1987,7.07
16/11/1987,7.13
17/11/1987,7.06
18/11/1987,7.02
19/11/1987,6.98
20/11/1987,6.88
23/11/1987,6.96
24/11/1987,6.97
25/11/1987,7.03
27/11/1987,7.12
30/11/1987,7
01/12/1987,7.05
02/12/1987,7.03
03/12/1987,7.01
04/12/1987,7
07/12/1987,7.2
08/12/1987,7.21
09/12/1987,7.18
10/12/1987,7.32
11/12/1987,7.3
14/12/1987,7.3
15/12/1987,7.22
16/12/1987,7.21
17/12/1987,7.27
18/12/1987,7.16
21/12/1987,7.18
22/12/1987,7.24
23/12/1987,7.18
24/12/1987,7.17
28/12/1987,7.2
29/12/1987,7.19
30/12/1987,7.09
31/12/1987,7.1
04/01/1988,7.15
05/01/1988,7.11
06/01/1988,7.14
07/01/1988,7.13
08/01/1988,7.24
11/01/1988,7.15
12/01/1988,7.15
13/01/1988,7.14
14/01/1988,7.16
15/01/1988,6.98
19/01/1988,7.01
20/01/1988,6.93
21/01/1988,6.84
22/01/1988,6.82
25/01/1988,6.82
26/01/1988,6.87
27/01/1988,6.77
28/01/1988,6.72
29/01/1988,6.66
01/02/1988,6.68
02/02/1988,6.67
03/02/1988,6.69
04/02/1988,6.67
05/02/1988,6.55
08/02/1988,6.59
09/02/1988,6.55
10/02/1988,6.53
11/02/1988,6.61
12/02/1988,6.68
16/02/1988,6.73
17/02/1988,6.72
18/02/1988,6.67
19/02/1988,6.67
22/02/1988,6.65
23/02/1988,6.6
24/02/1988,6.61
25/02/1988,6.66
26/02/1988,6.64
29/02/1988,6.63
01/03/1988,6.61
02/03/1988,6.59
03/03/1988,6.6
04/03/1988,6.72
07/03/1988,6.74
08/03/1988,6.75
09/03/1988,6.72
10/03/1988,6.76
11/03/1988,6.63
14/03/1988,6.64
15/03/1988,6.62
16/03/1988,6.67
17/03/1988,6.58
18/03/1988,6.64
21/03/1988,6.73
22/03/1988,6.73
23/03/1988,6.8
24/03/1988,6.83
25/03/1988,6.76
28/03/1988,6.79
29/03/1988,6.79
30/03/1988,6.79
31/03/1988,6.76
04/04/1988,7
05/04/1988,7.04
06/04/1988,7.04
07/04/1988,7.04
08/04/1988,6.95
11/04/1988,6.96
12/04/1988,6.89
13/04/1988,6.83
14/04/1988,6.89
15/04/1988,7.03
18/04/1988,7.05
19/04/1988,7.03
20/04/1988,7.04
21/04/1988,7.02
22/04/1988,7.02
25/04/1988,7.04
26/04/1988,7.02
27/04/1988,7.03
28/04/1988,7.1
29/04/1988,7.14
02/05/1988,7.21
03/05/1988,7.2
04/05/1988,7.2
05/05/1988,7.22
06/05/1988,7.31
09/05/1988,7.34
10/05/1988,7.37
11/05/1988,7.33
12/05/1988,7.31
13/05/1988,7.28
16/05/1988,7.32
17/05/1988,7.38
18/05/1988,7.39
19/05/1988,7.45
20/05/1988,7.45
23/05/1988,7.52
24/05/1988,7.52
25/05/1988,7.58
26/05/1988,7.65
27/05/1988,7.65
31/05/1988,7.66
01/06/1988,7.58
02/06/1988,7.62
03/06/1988,7.51
06/06/1988,7.51
07/06/1988,7.52
08/06/1988,7.41
09/06/1988,7.43
10/06/1988,7.43
13/06/1988,7.43
14/06/1988,7.29
15/06/1988,7.32
16/06/1988,7.42
17/06/1988,7.54
20/06/1988,7.57
21/06/1988,7.6
22/06/1988,7.5
23/06/1988,7.5
24/06/1988,7.48
27/06/1988,7.55
28/06/1988,7.53
29/06/1988,7.53
30/06/1988,7.5
01/07/1988,7.49
05/07/1988,7.53
06/07/1988,7.55
07/07/1988,7.6
08/07/1988,7.78
11/07/1988,7.76
12/07/1988,7.76
13/07/1988,7.76
14/07/1988,7.83
15/07/1988,7.82
18/07/1988,7.82
19/07/1988,7.76
20/07/1988,7.75
21/07/1988,7.83
22/07/1988,7.78
25/07/1988,7.79
26/07/1988,7.8
27/07/1988,7.88
28/07/1988,7.89
29/07/1988,7.9
01/08/1988,7.89
02/08/1988,7.85
03/08/1988,7.84
04/08/1988,7.83
05/08/1988,8.03
08/08/1988,8.04
09/08/1988,8.16
10/08/1988,8.17
11/08/1988,8.25
12/08/1988,8.23
15/08/1988,8.25
16/08/1988,8.28
17/08/1988,8.28
18/08/1988,8.27
19/08/1988,8.27
22/08/1988,8.27
23/08/1988,8.25
24/08/1988,8.25
25/08/1988,8.31
26/08/1988,8.32
29/08/1988,8.3
30/08/1988,8.3
31/08/1988,8.28
01/09/1988,8.24
02/09/1988,8.06
06/09/1988,8.08
07/09/1988,8.09
08/09/1988,8.1
09/09/1988,8.07
12/09/1988,8.08
13/09/1988,8.02
14/09/1988,7.95
15/09/1988,7.98
16/09/1988,8.02
19/09/1988,8.05
20/09/1988,8.07
21/09/1988,8.05
22/09/1988,8.09
23/09/1988,8.09
26/09/1988,8.17
27/09/1988,8.21
28/09/1988,8.23
29/09/1988,8.18
30/09/1988,8.13
03/10/1988,8.13
04/10/1988,8.15
05/10/1988,8.15
06/10/1988,8.18
07/10/1988,8.02
11/10/1988,8.04
12/10/1988,8.06
13/10/1988,8.11
14/10/1988,8.07
17/10/1988,8.08
18/10/1988,8.09
19/10/1988,8.14
20/10/1988,8.13
21/10/1988,8.15
24/10/1988,8.19
25/10/1988,8.17
26/10/1988,8.12
27/10/1988,8.08
28/10/1988,8.07
31/10/1988,8.06
01/11/1988,8.05
02/11/1988,8.08
03/11/1988,8.07
04/11/1988,8.22
07/11/1988,8.31
08/11/1988,8.34
09/11/1988,8.36
10/11/1988,8.4
14/11/1988,8.45
15/11/1988,8.55
16/11/1988,8.6
17/11/1988,8.57
18/11/1988,8.58
21/11/1988,8.63
22/11/1988,8.71
23/11/1988,8.7
25/11/1988,8.78
28/11/1988,8.76
29/11/1988,8.74
30/11/1988,8.62
01/12/1988,8.66
02/12/1988,8.96
05/12/1988,8.94
06/12/1988,8.8
07/12/1988,8.84
08/12/1988,8.9
09/12/1988,8.95
12/12/1988,8.96
13/12/1988,9.08
14/12/1988,9.13
15/12/1988,9.18
16/12/1988,9.13
19/12/1988,9.11
20/12/1988,9.04
21/12/1988,8.98
22/12/1988,8.95
23/12/1988,8.94
27/12/1988,9.06
28/12/1988,9.12
29/12/1988,9.08
30/12/1988,9.02
03/01/1989,9.11
04/01/1989,9.14
05/01/1989,9.22
06/01/1989,9.2
09/01/1989,9.18
10/01/1989,9.15
11/01/1989,9.17
12/01/1989,9.06
13/01/1989,8.99
17/01/1989,9.03
18/01/1989,8.95
19/01/1989,8.91
20/01/1989,8.93
23/01/1989,8.95
24/01/1989,8.91
25/01/1989,9
26/01/1989,9.03
27/01/1989,8.98
30/01/1989,9
31/01/1989,9.04
01/02/1989,9.02
02/02/1989,9.03
03/02/1989,9.17
06/02/1989,9.18
07/02/1989,9.1
08/02/1989,9.12
09/02/1989,9.12
10/02/1989,9.22
13/02/1989,9.27
14/02/1989,9.31
15/02/1989,9.29
16/02/1989,9.25
17/02/1989,9.25
21/02/1989,9.28
22/02/1989,9.35
23/02/1989,9.48
24/02/1989,9.51
27/02/1989,9.46
28/02/1989,9.4
01/03/1989,9.4
02/03/1989,9.38
03/03/1989,9.36
06/03/1989,9.32
07/03/1989,9.34
08/03/1989,9.35
09/03/1989,9.35
10/03/1989,9.58
13/03/1989,9.56
14/03/1989,9.54
15/03/1989,9.52
16/03/1989,9.48
17/03/1989,9.72
20/03/1989,9.84
21/03/1989,9.85
22/03/1989,9.71
23/03/1989,9.7
27/03/1989,9.75
28/03/1989,9.77
29/03/1989,9.69
30/03/1989,9.7
31/03/1989,9.64
03/04/1989,9.5
04/04/1989,9.42
05/04/1989,9.42
06/04/1989,9.49
07/04/1989,9.52
10/04/1989,9.49
11/04/1989,9.5
12/04/1989,9.51
13/04/1989,9.59
14/04/1989,9.33
17/04/1989,9.37
18/04/1989,9.14
19/04/1989,9.17
20/04/1989,9.37
21/04/1989,9.33
24/04/1989,9.36
25/04/1989,9.28
26/04/1989,9.22
27/04/1989,9.13
28/04/1989,9.12
01/05/1989,9.3
02/05/1989,9.22
03/05/1989,9.15
04/05/1989,9.14
05/05/1989,8.97
08/05/1989,9.04
09/05/1989,9.18
10/05/1989,9.2
11/05/1989,9.06
12/05/1989,8.75
15/05/1989,8.85
16/05/1989,8.9
17/05/1989,8.89
18/05/1989,8.94
19/05/1989,8.89
22/05/1989,8.78
23/05/1989,8.79
24/05/1989,8.85
25/05/1989,8.94
26/05/1989,8.92
30/05/1989,8.88
31/05/1989,8.86
01/06/1989,8.87
02/06/1989,8.57
05/06/1989,8.46
06/06/1989,8.48
07/06/1989,8.39
08/06/1989,8.35
09/06/1989,8.32
12/06/1989,8.33
13/06/1989,8.45
14/06/1989,8.41
15/06/1989,8.49
16/06/1989,8.57
19/06/1989,8.57
20/06/1989,8.52
21/06/1989,8.57
22/06/1989,8.58
23/06/1989,8.39
26/06/1989,8.37
27/06/1989,8.35
28/06/1989,8.35
29/06/1989,8.19
30/06/1989,8.12
03/07/1989,8.04
05/07/1989,8
06/07/1989,7.96
07/07/1989,7.89
10/07/1989,7.89
11/07/1989,7.87
12/07/1989,7.81
13/07/1989,7.81
14/07/1989,7.86
17/07/1989,7.92
18/07/1989,8.03
19/07/1989,7.96
20/07/1989,7.88
21/07/1989,8.02
24/07/1989,8.01
25/07/1989,7.92
26/07/1989,7.91
27/07/1989,7.77
28/07/1989,7.69
31/07/1989,7.65
01/08/1989,7.61
02/08/1989,7.63
03/08/1989,7.69
04/08/1989,8.05
07/08/1989,8.16
08/08/1989,8.08
09/08/1989,8.1
10/08/1989,8.08
11/08/1989,8.18
14/08/1989,8.33
15/08/1989,8.33
16/08/1989,8.22
17/08/1989,8.31
18/08/1989,8.29
21/08/1989,8.35
22/08/1989,8.45
23/08/1989,8.38
24/08/1989,8.32
25/08/1989,8.32
28/08/1989,8.36
29/08/1989,8.37
30/08/1989,8.34
31/08/1989,8.28
01/09/1989,8.23
05/09/1989,8.31
06/09/1989,8.29
07/09/1989,8.26
08/09/1989,8.2
11/09/1989,8.1
12/09/1989,8.1
13/09/1989,8.11
14/09/1989,8.03
15/09/1989,7.99
18/09/1989,8.08
19/09/1989,8.07
20/09/1989,8.22
21/09/1989,8.26
22/09/1989,8.25
25/09/1989,8.33
26/09/1989,8.34
27/09/1989,8.36
28/09/1989,8.41
29/09/1989,8.48
02/10/1989,8.49
03/10/1989,8.41
04/10/1989,8.41
05/10/1989,8.36
06/10/1989,8.06
10/10/1989,8.04
11/10/1989,8.08
12/10/1989,7.99
13/10/1989,7.9
16/10/1989,7.85
17/10/1989,7.82
18/10/1989,7.81
19/10/1989,7.9
20/10/1989,7.88
23/10/1989,7.85
24/10/1989,7.76
25/10/1989,7.77
26/10/1989,7.8
27/10/1989,7.88
30/10/1989,7.87
31/10/1989,7.88
01/11/1989,7.86
02/11/1989,7.81
03/11/1989,8.01
06/11/1989,8.05
07/11/1989,7.88
08/11/1989,7.79
09/11/1989,7.82
10/11/1989,7.83
13/11/1989,7.8
14/11/1989,7.7
15/11/1989,7.66
16/11/1989,7.7
17/11/1989,7.69
20/11/1989,7.69
21/11/1989,7.69
22/11/1989,7.6
24/11/1989,7.59
27/11/1989,7.74
28/11/1989,7.76
29/11/1989,7.77
30/11/1989,7.72
01/12/1989,7.67
04/12/1989,7.68
05/12/1989,7.68
06/12/1989,7.76
07/12/1989,7.82
08/12/1989,7.73
11/12/1989,7.74
12/12/1989,7.76
13/12/1989,7.77
14/12/1989,7.71
15/12/1989,7.65
18/12/1989,7.62
19/12/1989,7.72
20/12/1989,7.63
21/12/1989,7.64
22/12/1989,7.7
26/12/1989,7.83
27/12/1989,7.82
28/12/1989,7.77
29/12/1989,7.76
02/01/1990,7.81
03/01/1990,7.85
04/01/1990,7.82
05/01/1990,7.79
08/01/1990,7.81
09/01/1990,7.78
10/01/1990,7.77
11/01/1990,7.77
12/01/1990,7.76
16/01/1990,7.92
17/01/1990,7.91
18/01/1990,8.05
19/01/1990,8
22/01/1990,7.98
23/01/1990,7.97
24/01/1990,8
25/01/1990,8.03
26/01/1990,8.07
29/01/1990,8.08
30/01/1990,8.09
31/01/1990,8.08
01/02/1990,8.09
02/02/1990,8.13
05/02/1990,8.15
06/02/1990,8.15
07/02/1990,8.17
08/02/1990,8.13
09/02/1990,8.03
12/02/1990,8.06
13/02/1990,7.95
14/02/1990,8.03
15/02/1990,8.11
16/02/1990,8.09
20/02/1990,8.24
21/02/1990,8.22
22/02/1990,8.17
23/02/1990,8.11
26/02/1990,8.1
27/02/1990,8.06
28/02/1990,8.12
01/03/1990,8.21
02/03/1990,8.22
05/03/1990,8.31
06/03/1990,8.31
07/03/1990,8.29
08/03/1990,8.35
09/03/1990,8.46
12/03/1990,8.44
13/03/1990,8.48
14/03/1990,8.41
15/03/1990,8.41
16/03/1990,8.36
19/03/1990,8.38
20/03/1990,8.38
21/03/1990,8.39
22/03/1990,8.32
23/03/1990,8.29
26/03/1990,8.3
27/03/1990,8.35
28/03/1990,8.33
29/03/1990,8.36
30/03/1990,8.35
02/04/1990,8.34
03/04/1990,8.32
04/04/1990,8.27
05/04/1990,8.28
06/04/1990,8.26
09/04/1990,8.29
10/04/1990,8.29
11/04/1990,8.28
12/04/1990,8.29
16/04/1990,8.29
17/04/1990,8.38
18/04/1990,8.49
19/04/1990,8.46
20/04/1990,8.44
23/04/1990,8.5
24/04/1990,8.55
25/04/1990,8.57
26/04/1990,8.64
27/04/1990,8.57
30/04/1990,8.58
01/05/1990,8.56
02/05/1990,8.63
03/05/1990,8.62
04/05/1990,8.43
07/05/1990,8.44
08/05/1990,8.4
09/05/1990,8.4
10/05/1990,8.33
11/05/1990,8.21
14/05/1990,8.2
15/05/1990,8.23
16/05/1990,8.23
17/05/1990,8.24
18/05/1990,8.31
21/05/1990,8.3
22/05/1990,8.22
23/05/1990,8.17
24/05/1990,8.16
25/05/1990,8.23
29/05/1990,8.23
30/05/1990,8.2
31/05/1990,8.22
01/06/1990,8.06
04/06/1990,8.07
05/06/1990,8.09
06/06/1990,8.09
07/06/1990,8.07
08/06/1990,8.07
11/06/1990,8.09
12/06/1990,8.09
13/06/1990,8.02
14/06/1990,8
15/06/1990,8.05
18/06/1990,8.11
19/06/1990,8.15
20/06/1990,8.16
21/06/1990,8.14
22/06/1990,8.12
25/06/1990,8.19
26/06/1990,8.19
27/06/1990,8.14
28/06/1990,8.07
29/06/1990,8.05
02/07/1990,8.06
03/07/1990,8.01
05/07/1990,8.02
06/07/1990,8.14
09/07/1990,8.19
10/07/1990,8.21
11/07/1990,8.18
12/07/1990,7.98
13/07/1990,7.89
16/07/1990,7.89
17/07/1990,7.88
18/07/1990,7.87
19/07/1990,7.87
20/07/1990,7.84
23/07/1990,7.81
24/07/1990,7.88
25/07/1990,7.87
26/07/1990,7.9
27/07/1990,7.8
30/07/1990,7.75
31/07/1990,7.72
01/08/1990,7.63
02/08/1990,7.7
03/08/1990,7.56
06/08/1990,7.63
07/08/1990,7.75
08/08/1990,7.73
09/08/1990,7.72
10/08/1990,7.67
13/08/1990,7.65
14/08/1990,7.69
15/08/1990,7.68
16/08/1990,7.81
17/08/1990,7.8
20/08/1990,7.84
21/08/1990,7.9
22/08/1990,7.94
23/08/1990,7.99
24/08/1990,7.96
27/08/1990,7.89
28/08/1990,7.94
29/08/1990,7.85
30/08/1990,7.83
31/08/1990,7.76
04/09/1990,7.76
05/09/1990,7.74
06/09/1990,7.74
07/09/1990,7.73
10/09/1990,7.79
11/09/1990,7.81
12/09/1990,7.75
13/09/1990,7.7
14/09/1990,7.72
17/09/1990,7.73
18/09/1990,7.73
19/09/1990,7.79
20/09/1990,7.81
21/09/1990,7.77
24/09/1990,7.83
25/09/1990,7.85
26/09/1990,7.84
27/09/1990,7.72
28/09/1990,7.69
01/10/1990,7.63
02/10/1990,7.61
03/10/1990,7.57
04/10/1990,7.56
05/10/1990,7.51
09/10/1990,7.64
10/10/1990,7.64
11/10/1990,7.6
12/10/1990,7.59
15/10/1990,7.58
16/10/1990,7.58
17/10/1990,7.6
18/10/1990,7.59
19/10/1990,7.55
22/10/1990,7.53
23/10/1990,7.52
24/10/1990,7.52
25/10/1990,7.46
26/10/1990,7.46
29/10/1990,7.48
30/10/1990,7.48
31/10/1990,7.43
01/11/1990,7.32
02/11/1990,7.35
05/11/1990,7.33
06/11/1990,7.36
07/11/1990,7.36
08/11/1990,7.35
09/11/1990,7.33
13/11/1990,7.3
14/11/1990,7.31
15/11/1990,7.32
16/11/1990,7.27
19/11/1990,7.33
20/11/1990,7.34
21/11/1990,7.26
23/11/1990,7.23
26/11/1990,7.24
27/11/1990,7.28
28/11/1990,7.34
29/11/1990,7.34
30/11/1990,7.31
03/12/1990,7.31
04/12/1990,7.25
05/12/1990,7.24
06/12/1990,7.27
07/12/1990,7.12
10/12/1990,7.1
11/12/1990,7.07
12/12/1990,7.03
13/12/1990,7.11
14/12/1990,7.09
17/12/1990,7.06
18/12/1990,7.02
19/12/1990,6.89
20/12/1990,6.9
21/12/1990,6.95
24/12/1990,6.99
26/12/1990,6.94
27/12/1990,6.94
28/12/1990,6.91
31/12/1990,6.82
02/01/1991,6.74
03/01/1991,6.72
04/01/1991,6.83
07/01/1991,6.84
08/01/1991,6.75
09/01/1991,6.68
10/01/1991,6.64
11/01/1991,6.62
14/01/1991,6.6
15/01/1991,6.6
16/01/1991,6.61
17/01/1991,6.66
18/01/1991,6.61
22/01/1991,6.59
23/01/1991,6.59
24/01/1991,6.54
25/01/1991,6.61
28/01/1991,6.64
29/01/1991,6.59
30/01/1991,6.56
31/01/1991,6.51
01/02/1991,6.27
04/02/1991,6.24
05/02/1991,6.23
06/02/1991,6.22
07/02/1991,6.23
08/02/1991,6.21
11/02/1991,6.18
12/02/1991,6.18
13/02/1991,6.21
14/02/1991,6.19
15/02/1991,6.24
19/02/1991,6.3
20/02/1991,6.28
21/02/1991,6.29
22/02/1991,6.33
25/02/1991,6.33
26/02/1991,6.37
27/02/1991,6.36
28/02/1991,6.41
01/03/1991,6.52
04/03/1991,6.51
05/03/1991,6.48
06/03/1991,6.5
07/03/1991,6.5
08/03/1991,6.41
11/03/1991,6.37
12/03/1991,6.38
13/03/1991,6.3
14/03/1991,6.26
15/03/1991,6.3
18/03/1991,6.36
19/03/1991,6.48
20/03/1991,6.44
21/03/1991,6.39
22/03/1991,6.37
25/03/1991,6.35
26/03/1991,6.39
27/03/1991,6.33
28/03/1991,6.28
01/04/1991,6.27
02/04/1991,6.26
03/04/1991,6.28
04/04/1991,6.24
05/04/1991,6.24
08/04/1991,6.21
09/04/1991,6.23
10/04/1991,6.28
11/04/1991,6.23
12/04/1991,6.14
15/04/1991,6.22
16/04/1991,6.23
17/04/1991,6.2
18/04/1991,6.34
19/04/1991,6.31
22/04/1991,6.32
23/04/1991,6.28
24/04/1991,6.23
25/04/1991,6.19
26/04/1991,6.21
29/04/1991,6.22
30/04/1991,6.06
01/05/1991,6.09
02/05/1991,6.06
03/05/1991,6.1
06/05/1991,6.11
07/05/1991,6.15
08/05/1991,6.14
09/05/1991,6.13
10/05/1991,6.13
13/05/1991,6.11
14/05/1991,6.12
15/05/1991,6.13
16/05/1991,6.15
17/05/1991,6.16
20/05/1991,6.2
21/05/1991,6.18
22/05/1991,6.15
23/05/1991,6.13
24/05/1991,6.11
28/05/1991,6.12
29/05/1991,6.11
30/05/1991,6.13
31/05/1991,6.16
03/06/1991,6.27
04/06/1991,6.26
05/06/1991,6.28
06/06/1991,6.29
07/06/1991,6.39
10/06/1991,6.4
11/06/1991,6.39
12/06/1991,6.43
13/06/1991,6.4
14/06/1991,6.37
17/06/1991,6.38
18/06/1991,6.41
19/06/1991,6.37
20/06/1991,6.34
21/06/1991,6.37
24/06/1991,6.38
25/06/1991,6.39
26/06/1991,6.38
27/06/1991,6.35
28/06/1991,6.32
01/07/1991,6.38
02/07/1991,6.41
03/07/1991,6.39
05/07/1991,6.4
08/07/1991,6.36
09/07/1991,6.31
10/07/1991,6.28
11/07/1991,6.27
12/07/1991,6.26
15/07/1991,6.29
16/07/1991,6.32
17/07/1991,6.35
18/07/1991,6.34
19/07/1991,6.28
22/07/1991,6.31
23/07/1991,6.33
24/07/1991,6.29
25/07/1991,6.29
26/07/1991,6.24
29/07/1991,6.21
30/07/1991,6.23
31/07/1991,6.19
01/08/1991,6.23
02/08/1991,6.04
05/08/1991,6.04
06/08/1991,5.91
07/08/1991,5.85
08/08/1991,5.82
09/08/1991,5.8
12/08/1991,5.8
13/08/1991,5.8
14/08/1991,5.7
15/08/1991,5.67
16/08/1991,5.65
19/08/1991,5.52
20/08/1991,5.48
21/08/1991,5.63
22/08/1991,5.66
23/08/1991,5.82
26/08/1991,5.85
27/08/1991,5.8
28/08/1991,5.68
29/08/1991,5.65
30/08/1991,5.72
03/09/1991,5.72
04/09/1991,5.71
05/09/1991,5.71
06/09/1991,5.65
09/09/1991,5.61
10/09/1991,5.61
11/09/1991,5.61
12/09/1991,5.56
13/09/1991,5.53
16/09/1991,5.55
17/09/1991,5.56
18/09/1991,5.56
19/09/1991,5.59
20/09/1991,5.55
23/09/1991,5.54
24/09/1991,5.54
25/09/1991,5.53
26/09/1991,5.47
27/09/1991,5.43
30/09/1991,5.42
01/10/1991,5.42
02/10/1991,5.43
03/10/1991,5.39
04/10/1991,5.35
07/10/1991,5.35
08/10/1991,5.35
09/10/1991,5.36
10/10/1991,5.4
11/10/1991,5.33
15/10/1991,5.28
16/10/1991,5.27
17/10/1991,5.38
18/10/1991,5.39
21/10/1991,5.43
22/10/1991,5.44
23/10/1991,5.42
24/10/1991,5.32
25/10/1991,5.32
28/10/1991,5.29
29/10/1991,5.19
30/10/1991,5.13
31/10/1991,5.1
01/11/1991,5.03
04/11/1991,5.02
05/11/1991,5.07
06/11/1991,4.98
07/11/1991,4.96
08/11/1991,4.96
12/11/1991,4.98
13/11/1991,5.02
14/11/1991,4.95
15/11/1991,4.89
18/11/1991,4.89
19/11/1991,4.84
20/11/1991,4.83
21/11/1991,4.77
22/11/1991,4.75
25/11/1991,4.78
26/11/1991,4.75
27/11/1991,4.74
29/11/1991,4.69
02/12/1991,4.68
03/12/1991,4.64
04/12/1991,4.59
05/12/1991,4.6
06/12/1991,4.53
09/12/1991,4.44
10/12/1991,4.47
11/12/1991,4.46
12/12/1991,4.42
13/12/1991,4.43
16/12/1991,4.42
17/12/1991,4.38
18/12/1991,4.44
19/12/1991,4.39
20/12/1991,4.11
23/12/1991,4.13
24/12/1991,4.18
26/12/1991,4.19
27/12/1991,4.18
30/12/1991,4.14
31/12/1991,4.12
02/01/1992,4.13
03/01/1992,4.16
06/01/1992,4.12
07/01/1992,4.03
08/01/1992,4
09/01/1992,4.05
10/01/1992,4.11
13/01/1992,4.17
14/01/1992,4.16
15/01/1992,4.22
16/01/1992,4.18
17/01/1992,4.14
21/01/1992,4.1
22/01/1992,4.1
23/01/1992,4.15
24/01/1992,4.22
27/01/1992,4.24
28/01/1992,4.2
29/01/1992,4.22
30/01/1992,4.24
31/01/1992,4.23
03/02/1992,4.23
04/02/1992,4.21
05/02/1992,4.21
06/02/1992,4.2
07/02/1992,4.1
10/02/1992,4.08
11/02/1992,4.14
12/02/1992,4.16
13/02/1992,4.26
14/02/1992,4.32
18/02/1992,4.31
19/02/1992,4.33
20/02/1992,4.38
21/02/1992,4.47
24/02/1992,4.48
25/02/1992,4.47
26/02/1992,4.4
27/02/1992,4.36
28/02/1992,4.35
02/03/1992,4.5
03/03/1992,4.51
04/03/1992,4.52
05/03/1992,4.63
06/03/1992,4.6
09/03/1992,4.55
10/03/1992,4.58
11/03/1992,4.6
12/03/1992,4.69
13/03/1992,4.79
16/03/1992,4.78
17/03/1992,4.72
18/03/1992,4.74
19/03/1992,4.69
20/03/1992,4.74
23/03/1992,4.74
24/03/1992,4.66
25/03/1992,4.62
26/03/1992,4.6
27/03/1992,4.6
30/03/1992,4.56
31/03/1992,4.54
01/04/1992,4.48
02/04/1992,4.53
03/04/1992,4.4
06/04/1992,4.39
07/04/1992,4.35
08/04/1992,4.32
09/04/1992,4.08
10/04/1992,4.12
13/04/1992,4.08
14/04/1992,4.1
15/04/1992,4.14
16/04/1992,4.23
20/04/1992,4.34
21/04/1992,4.33
22/04/1992,4.33
23/04/1992,4.35
24/04/1992,4.27
27/04/1992,4.36
28/04/1992,4.34
29/04/1992,4.34
30/04/1992,4.4
01/05/1992,4.28
04/05/1992,4.28
05/05/1992,4.27
06/05/1992,4.22
07/05/1992,4.26
08/05/1992,4.22
11/05/1992,4.18
12/05/1992,4.15
13/05/1992,4.09
14/05/1992,4.09
15/05/1992,4.08
18/05/1992,4.08
19/05/1992,4
20/05/1992,4.08
21/05/1992,4.25
22/05/1992,4.19
26/05/1992,4.32
27/05/1992,4.27
28/05/1992,4.24
29/05/1992,4.24
01/06/1992,4.32
02/06/1992,4.3
03/06/1992,4.27
04/06/1992,4.26
05/06/1992,4.21
08/06/1992,4.2
09/06/1992,4.2
10/06/1992,4.2
11/06/1992,4.18
12/06/1992,4.14
15/06/1992,4.13
16/06/1992,4.12
17/06/1992,4.1
18/06/1992,4.08
19/06/1992,4.17
22/06/1992,4.15
23/06/1992,4.22
24/06/1992,4.11
25/06/1992,4.09
26/06/1992,4.11
29/06/1992,4.04
30/06/1992,4.05
01/07/1992,4.04
02/07/1992,3.7
06/07/1992,3.67
07/07/1992,3.63
08/07/1992,3.63
09/07/1992,3.63
10/07/1992,3.62
13/07/1992,3.62
14/07/1992,3.57
15/07/1992,3.48
16/07/1992,3.49
17/07/1992,3.5
20/07/1992,3.51
21/07/1992,3.55
22/07/1992,3.53
23/07/1992,3.52
24/07/1992,3.55
27/07/1992,3.58
28/07/1992,3.55
29/07/1992,3.54
30/07/1992,3.58
31/07/1992,3.62
03/08/1992,3.61
04/08/1992,3.57
05/08/1992,3.55
06/08/1992,3.54
07/08/1992,3.44
10/08/1992,3.42
11/08/1992,3.43
12/08/1992,3.45
13/08/1992,3.43
14/08/1992,3.4
17/08/1992,3.41
18/08/1992,3.36
19/08/1992,3.38
20/08/1992,3.4
21/08/1992,3.46
24/08/1992,3.57
25/08/1992,3.57
26/08/1992,3.5
27/08/1992,3.48
28/08/1992,3.47
31/08/1992,3.47
01/09/1992,3.45
02/09/1992,3.43
03/09/1992,3.43
04/09/1992,3.18
08/09/1992,3.14
09/09/1992,3.17
10/09/1992,3.17
11/09/1992,3.19
14/09/1992,3.13
15/09/1992,3.2
16/09/1992,3.17
17/09/1992,3.14
18/09/1992,3.13
21/09/1992,3.16
22/09/1992,3.2
23/09/1992,3.21
24/09/1992,3.17
25/09/1992,3.04
28/09/1992,3.04
29/09/1992,3.06
30/09/1992,3.06
01/10/1992,2.96
02/10/1992,2.98
05/10/1992,2.98
06/10/1992,3.05
07/10/1992,3.15
08/10/1992,3.08
09/10/1992,3.19
13/10/1992,3.22
14/10/1992,3.26
15/10/1992,3.27
16/10/1992,3.3
19/10/1992,3.41
20/10/1992,3.56
21/10/1992,3.47
22/10/1992,3.45
23/10/1992,3.52
26/10/1992,3.55
27/10/1992,3.48
28/10/1992,3.45
29/10/1992,3.48
30/10/1992,3.54
02/11/1992,3.62
03/11/1992,3.57
04/11/1992,3.56
05/11/1992,3.54
06/11/1992,3.6
09/11/1992,3.66
10/11/1992,3.62
12/11/1992,3.59
13/11/1992,3.68
16/11/1992,3.77
17/11/1992,3.73
18/11/1992,3.68
19/11/1992,3.72
20/11/1992,3.77
23/11/1992,3.77
24/11/1992,3.69
25/11/1992,3.75
27/11/1992,3.81
30/11/1992,3.83
01/12/1992,3.86
02/12/1992,3.84
03/12/1992,3.83
04/12/1992,3.73
07/12/1992,3.69
08/12/1992,3.66
09/12/1992,3.69
10/12/1992,3.72
11/12/1992,3.82
14/12/1992,3.85
15/12/1992,3.78
16/12/1992,3.73
17/12/1992,3.73
18/12/1992,3.69
21/12/1992,3.68
22/12/1992,3.63
23/12/1992,3.63
24/12/1992,3.63
28/12/1992,3.64
29/12/1992,3.64
30/12/1992,3.57
31/12/1992,3.61
04/01/1993,3.56
05/01/1993,3.58
06/01/1993,3.62
07/01/1993,3.7
08/01/1993,3.56
11/01/1993,3.54
12/01/1993,3.54
13/01/1993,3.51
14/01/1993,3.48
15/01/1993,3.42
19/01/1993,3.48
20/01/1993,3.51
21/01/1993,3.48
22/01/1993,3.41
25/01/1993,3.41
26/01/1993,3.45
27/01/1993,3.41
28/01/1993,3.38
29/01/1993,3.39
01/02/1993,3.4
02/02/1993,3.43
03/02/1993,3.44
04/02/1993,3.44
05/02/1993,3.36
08/02/1993,3.43
09/02/1993,3.47
10/02/1993,3.5
11/02/1993,3.44
12/02/1993,3.43
16/02/1993,3.44
17/02/1993,3.39
18/02/1993,3.3
19/02/1993,3.3
22/02/1993,3.32
23/02/1993,3.27
24/02/1993,3.32
25/02/1993,3.33
26/02/1993,3.32
01/03/1993,3.3
02/03/1993,3.31
03/03/1993,3.28
04/03/1993,3.24
05/03/1993,3.37
08/03/1993,3.39
09/03/1993,3.41
10/03/1993,3.4
11/03/1993,3.35
12/03/1993,3.39
15/03/1993,3.42
16/03/1993,3.38
17/03/1993,3.36
18/03/1993,3.3
19/03/1993,3.32
22/03/1993,3.29
23/03/1993,3.28
24/03/1993,3.31
25/03/1993,3.29
26/03/1993,3.33
29/03/1993,3.33
30/03/1993,3.29
31/03/1993,3.32
01/04/1993,3.32
02/04/1993,3.32
05/04/1993,3.3
06/04/1993,3.35
07/04/1993,3.33
08/04/1993,3.25
12/04/1993,3.23
13/04/1993,3.22
14/04/1993,3.19
15/04/1993,3.22
16/04/1993,3.21
19/04/1993,3.21
20/04/1993,3.19
21/04/1993,3.17
22/04/1993,3.17
23/04/1993,3.18
26/04/1993,3.23
27/04/1993,3.27
28/04/1993,3.27
29/04/1993,3.24
30/04/1993,3.26
03/05/1993,3.22
04/05/1993,3.23
05/05/1993,3.26
06/05/1993,3.22
07/05/1993,3.23
10/05/1993,3.22
11/05/1993,3.23
12/05/1993,3.26
13/05/1993,3.3
14/05/1993,3.33
17/05/1993,3.41
18/05/1993,3.4
19/05/1993,3.37
20/05/1993,3.39
21/05/1993,3.45
24/05/1993,3.52
25/05/1993,3.52
26/05/1993,3.51
27/05/1993,3.58
28/05/1993,3.62
01/06/1993,3.55
02/06/1993,3.56
03/06/1993,3.53
04/06/1993,3.67
07/06/1993,3.65
08/06/1993,3.66
09/06/1993,3.62
10/06/1993,3.62
11/06/1993,3.51
14/06/1993,3.5
15/06/1993,3.48
16/06/1993,3.47
17/06/1993,3.46
18/06/1993,3.52
21/06/1993,3.52
22/06/1993,3.51
23/06/1993,3.56
24/06/1993,3.54
25/06/1993,3.5
28/06/1993,3.47
29/06/1993,3.45
30/06/1993,3.45
01/07/1993,3.41
02/07/1993,3.34
06/07/1993,3.42
07/07/1993,3.43
08/07/1993,3.42
09/07/1993,3.41
12/07/1993,3.4
13/07/1993,3.44
14/07/1993,3.4
15/07/1993,3.41
16/07/1993,3.41
19/07/1993,3.42
20/07/1993,3.48
21/07/1993,3.52
22/07/1993,3.61
23/07/1993,3.62
26/07/1993,3.59
27/07/1993,3.61
28/07/1993,3.59
29/07/1993,3.51
30/07/1993,3.53
02/08/1993,3.58
03/08/1993,3.56
04/08/1993,3.57
05/08/1993,3.54
06/08/1993,3.52
09/08/1993,3.48
10/08/1993,3.51
11/08/1993,3.5
12/08/1993,3.47
13/08/1993,3.43
16/08/1993,3.42
17/08/1993,3.43
18/08/1993,3.41
19/08/1993,3.39
20/08/1993,3.39
23/08/1993,3.4
24/08/1993,3.36
25/08/1993,3.35
26/08/1993,3.34
27/08/1993,3.38
30/08/1993,3.35
31/08/1993,3.38
01/09/1993,3.36
02/09/1993,3.34
03/09/1993,3.25
07/09/1993,3.26
08/09/1993,3.32
09/09/1993,3.37
10/09/1993,3.32
13/09/1993,3.33
14/09/1993,3.41
15/09/1993,3.39
16/09/1993,3.39
17/09/1993,3.39
20/09/1993,3.41
21/09/1993,3.38
22/09/1993,3.39
23/09/1993,3.39
24/09/1993,3.39
27/09/1993,3.32
28/09/1993,3.32
29/09/1993,3.36
30/09/1993,3.39
01/10/1993,3.35
04/10/1993,3.35
05/10/1993,3.38
06/10/1993,3.36
07/10/1993,3.35
08/10/1993,3.33
12/10/1993,3.36
13/10/1993,3.36
14/10/1993,3.36
15/10/1993,3.35
18/10/1993,3.39
19/10/1993,3.39
20/10/1993,3.38
21/10/1993,3.4
22/10/1993,3.42
25/10/1993,3.45
26/10/1993,3.45
27/10/1993,3.47
28/10/1993,3.47
29/10/1993,3.47
01/11/1993,3.53
02/11/1993,3.59
03/11/1993,3.56
04/11/1993,3.55
05/11/1993,3.58
08/11/1993,3.55
09/11/1993,3.54
10/11/1993,3.56
12/11/1993,3.54
15/11/1993,3.56
16/11/1993,3.56
17/11/1993,3.55
18/11/1993,3.59
19/11/1993,3.64
22/11/1993,3.65
23/11/1993,3.6
24/11/1993,3.6
26/11/1993,3.58
29/11/1993,3.6
30/11/1993,3.65
01/12/1993,3.62
02/12/1993,3.62
03/12/1993,3.62
06/12/1993,3.57
07/12/1993,3.6
08/12/1993,3.6
09/12/1993,3.6
10/12/1993,3.62
13/12/1993,3.62
14/12/1993,3.63
15/12/1993,3.61
16/12/1993,3.6
17/12/1993,3.58
20/12/1993,3.61
21/12/1993,3.62
22/12/1993,3.59
23/12/1993,3.59
27/12/1993,3.61
28/12/1993,3.6
29/12/1993,3.6
30/12/1993,3.62
31/12/1993,3.63
03/01/1994,3.67
04/01/1994,3.65
05/01/1994,3.66
06/01/1994,3.65
07/01/1994,3.54
10/01/1994,3.53
11/01/1994,3.51
12/01/1994,3.47
13/01/1994,3.52
14/01/1994,3.55
18/01/1994,3.53
19/01/1994,3.52
20/01/1994,3.47
21/01/1994,3.5
24/01/1994,3.5
25/01/1994,3.51
26/01/1994,3.53
27/01/1994,3.52
28/01/1994,3.49
31/01/1994,3.53
01/02/1994,3.6
02/02/1994,3.61
03/02/1994,3.73
04/02/1994,3.84
07/02/1994,3.83
08/02/1994,3.86
09/02/1994,3.85
10/02/1994,3.86
11/02/1994,3.84
14/02/1994,3.85
15/02/1994,3.85
16/02/1994,3.86
17/02/1994,3.89
18/02/1994,3.93
22/02/1994,3.93
23/02/1994,4.01
24/02/1994,4.03
25/02/1994,4.05
28/02/1994,4.03
01/03/1994,4.16
02/03/1994,4.15
03/03/1994,4.21
04/03/1994,4.26
07/03/1994,4.23
08/03/1994,4.28
09/03/1994,4.29
10/03/1994,4.3
11/03/1994,4.28
14/03/1994,4.32
15/03/1994,4.32
16/03/1994,4.28
17/03/1994,4.28
18/03/1994,4.35
21/03/1994,4.41
22/03/1994,4.33
23/03/1994,4.32
24/03/1994,4.37
25/03/1994,4.38
28/03/1994,4.41
29/03/1994,4.46
30/03/1994,4.45
31/03/1994,4.5
04/04/1994,4.83
05/04/1994,4.72
06/04/1994,4.67
07/04/1994,4.64
08/04/1994,4.68
11/04/1994,4.69
12/04/1994,4.66
13/04/1994,4.69
14/04/1994,4.72
15/04/1994,4.73
18/04/1994,4.91
19/04/1994,4.92
20/04/1994,4.91
21/04/1994,4.87
22/04/1994,4.9
25/04/1994,4.91
26/04/1994,4.93
28/04/1994,5.05
29/04/1994,5.07
02/05/1994,5.12
03/05/1994,5.19
04/05/1994,5.22
05/05/1994,5.21
06/05/1994,5.4
09/05/1994,5.55
10/05/1994,5.48
11/05/1994,5.52
12/05/1994,5.48
13/05/1994,5.41
16/05/1994,5.41
17/05/1994,5.29
18/05/1994,5.21
19/05/1994,5.12
20/05/1994,5.14
23/05/1994,5.28
24/05/1994,5.28
25/05/1994,5.28
26/05/1994,5.28
27/05/1994,5.35
31/05/1994,5.38
01/06/1994,5.36
02/06/1994,5.29
03/06/1994,5.22
06/06/1994,5.15
07/06/1994,5.16
08/06/1994,5.13
09/06/1994,5.15
10/06/1994,5.2
13/06/1994,5.22
14/06/1994,5.14
15/06/1994,5.19
16/06/1994,5.15
17/06/1994,5.2
20/06/1994,5.24
21/06/1994,5.31
22/06/1994,5.28
23/06/1994,5.29
24/06/1994,5.37
27/06/1994,5.37
28/06/1994,5.48
29/06/1994,5.47
30/06/1994,5.51
01/07/1994,5.5
05/07/1994,5.48
06/07/1994,5.46
07/07/1994,5.45
08/07/1994,5.58
11/07/1994,5.61
12/07/1994,5.55
13/07/1994,5.52
14/07/1994,5.38
15/07/1994,5.37
18/07/1994,5.34
19/07/1994,5.3
20/07/1994,5.4
21/07/1994,5.5
22/07/1994,5.53
25/07/1994,5.53
26/07/1994,5.53
27/07/1994,5.57
28/07/1994,5.56
29/07/1994,5.37
01/08/1994,5.4
02/08/1994,5.35
03/08/1994,5.34
04/08/1994,5.36
05/08/1994,5.59
08/08/1994,5.6
09/08/1994,5.62
10/08/1994,5.58
11/08/1994,5.62
12/08/1994,5.6
15/08/1994,5.64
16/08/1994,5.62
17/08/1994,5.56
18/08/1994,5.68
19/08/1994,5.64
22/08/1994,5.66
23/08/1994,5.63
24/08/1994,5.57
25/08/1994,5.59
26/08/1994,5.58
29/08/1994,5.58
30/08/1994,5.56
31/08/1994,5.56
01/09/1994,5.56
02/09/1994,5.55
06/09/1994,5.58
07/09/1994,5.6
08/09/1994,5.59
09/09/1994,5.7
12/09/1994,5.72
13/09/1994,5.7
14/09/1994,5.68
15/09/1994,5.69
16/09/1994,5.79
19/09/1994,5.78
20/09/1994,5.82
21/09/1994,5.9
22/09/1994,5.88
23/09/1994,5.89
26/09/1994,5.91
27/09/1994,5.89
28/09/1994,5.88
29/09/1994,5.95
30/09/1994,5.96
03/10/1994,6.06
04/10/1994,6.06
05/10/1994,6.1
06/10/1994,6.1
07/10/1994,6.01
11/10/1994,6.01
12/10/1994,6.05
13/10/1994,6.07
14/10/1994,6.01
17/10/1994,6.04
18/10/1994,6.04
19/10/1994,6.07
20/10/1994,6.18
21/10/1994,6.19
24/10/1994,6.24
25/10/1994,6.25
26/10/1994,6.23
27/10/1994,6.23
28/10/1994,6.17
31/10/1994,6.18
01/11/1994,6.25
02/11/1994,6.28
03/11/1994,6.31
04/11/1994,6.39
07/11/1994,6.42
08/11/1994,6.39
09/11/1994,6.37
10/11/1994,6.5
14/11/1994,6.49
15/11/1994,6.55
16/11/1994,6.59
17/11/1994,6.62
18/11/1994,6.64
21/11/1994,6.68
22/11/1994,6.67
23/11/1994,6.57
25/11/1994,6.58
28/11/1994,6.74
29/11/1994,6.85
30/11/1994,6.91
01/12/1994,6.94
02/12/1994,7.01
05/12/1994,7.15
06/12/1994,7.01
07/12/1994,7.01
08/12/1994,7.17
09/12/1994,7.15
12/12/1994,7.24
13/12/1994,7.32
14/12/1994,7.2
15/12/1994,7.09
16/12/1994,7.14
19/12/1994,7.13
20/12/1994,7.06
21/12/1994,7.04
22/12/1994,7.17
23/12/1994,7.2
27/12/1994,7.18
28/12/1994,7.25
29/12/1994,7.2
30/12/1994,7.2
03/01/1995,7.23
04/01/1995,7.15
05/01/1995,7.32
06/01/1995,7.26
09/01/1995,7.27
10/01/1995,7.21
11/01/1995,7.13
12/01/1995,7.08
13/01/1995,6.89
17/01/1995,6.99
18/01/1995,7.03
19/01/1995,7.03
20/01/1995,7.04
23/01/1995,7.02
24/01/1995,7.04
25/01/1995,6.96
26/01/1995,6.9
27/01/1995,6.82
30/01/1995,6.8
31/01/1995,6.84
01/02/1995,6.97
02/02/1995,7.01
03/02/1995,6.77
06/02/1995,6.79
07/02/1995,6.78
08/02/1995,6.74
09/02/1995,6.79
10/02/1995,6.85
13/02/1995,6.85
14/02/1995,6.77
15/02/1995,6.68
16/02/1995,6.58
17/02/1995,6.62
21/02/1995,6.66
22/02/1995,6.49
23/02/1995,6.52
24/02/1995,6.5
27/02/1995,6.43
28/02/1995,6.44
01/03/1995,6.44
02/03/1995,6.53
03/03/1995,6.53
06/03/1995,6.59
07/03/1995,6.6
08/03/1995,6.56
09/03/1995,6.47
10/03/1995,6.49
13/03/1995,6.44
14/03/1995,6.39
15/03/1995,6.41
16/03/1995,6.35
17/03/1995,6.37
20/03/1995,6.37
21/03/1995,6.38
22/03/1995,6.4
23/03/1995,6.38
24/03/1995,6.31
27/03/1995,6.27
28/03/1995,6.38
29/03/1995,6.35
30/03/1995,6.43
31/03/1995,6.49
03/04/1995,6.45
04/04/1995,6.4
05/04/1995,6.38
06/04/1995,6.33
07/04/1995,6.33
10/04/1995,6.33
11/04/1995,6.31
12/04/1995,6.28
13/04/1995,6.19
17/04/1995,6.19
18/04/1995,6.17
19/04/1995,6.2
20/04/1995,6.15
21/04/1995,6.15
24/04/1995,6.17
25/04/1995,6.19
26/04/1995,6.21
27/04/1995,6.3
28/04/1995,6.32
01/05/1995,6.32
02/05/1995,6.26
03/05/1995,6.16
04/05/1995,6.1
05/05/1995,5.96
08/05/1995,6.01
09/05/1995,5.96
10/05/1995,5.96
11/05/1995,6.02
12/05/1995,6.03
15/05/1995,5.99
16/05/1995,5.96
17/05/1995,5.95
18/05/1995,6.01
19/05/1995,6.01
22/05/1995,6.03
23/05/1995,5.97
24/05/1995,5.86
25/05/1995,5.89
26/05/1995,5.87
30/05/1995,5.83
31/05/1995,5.8
01/06/1995,5.68
02/06/1995,5.51
05/06/1995,5.52
06/06/1995,5.56
07/06/1995,5.71
08/06/1995,5.78
09/06/1995,5.89
12/06/1995,5.83
13/06/1995,5.57
14/06/1995,5.6
15/06/1995,5.65
16/06/1995,5.66
19/06/1995,5.59
20/06/1995,5.64
21/06/1995,5.62
22/06/1995,5.53
23/06/1995,5.56
26/06/1995,5.6
27/06/1995,5.64
28/06/1995,5.58
29/06/1995,5.76
30/06/1995,5.65
03/07/1995,5.63
05/07/1995,5.62
06/07/1995,5.43
07/07/1995,5.42
10/07/1995,5.43
11/07/1995,5.47
12/07/1995,5.44
13/07/1995,5.46
14/07/1995,5.53
17/07/1995,5.55
18/07/1995,5.57
19/07/1995,5.6
20/07/1995,5.71
21/07/1995,5.75
24/07/1995,5.75
25/07/1995,5.75
26/07/1995,5.75
27/07/1995,5.66
28/07/1995,5.69
31/07/1995,5.67
01/08/1995,5.71
02/08/1995,5.66
03/08/1995,5.7
04/08/1995,5.68
07/08/1995,5.67
08/08/1995,5.68
09/08/1995,5.69
10/08/1995,5.7
11/08/1995,5.8
14/08/1995,5.81
15/08/1995,5.86
16/08/1995,5.84
17/08/1995,5.89
18/08/1995,5.88
21/08/1995,5.84
22/08/1995,5.88
23/08/1995,5.87
24/08/1995,5.77
25/08/1995,5.7
28/08/1995,5.66
29/08/1995,5.71
30/08/1995,5.66
31/08/1995,5.65
01/09/1995,5.6
05/09/1995,5.6
06/09/1995,5.6
07/09/1995,5.65
08/09/1995,5.67
11/09/1995,5.67
12/09/1995,5.61
13/09/1995,5.63
14/09/1995,5.51
15/09/1995,5.55
18/09/1995,5.56
19/09/1995,5.54
20/09/1995,5.52
21/09/1995,5.62
22/09/1995,5.63
25/09/1995,5.65
26/09/1995,5.71
27/09/1995,5.7
28/09/1995,5.73
29/09/1995,5.65
02/10/1995,5.65
03/10/1995,5.63
04/10/1995,5.6
05/10/1995,5.59
06/10/1995,5.59
10/10/1995,5.61
11/10/1995,5.61
12/10/1995,5.61
13/10/1995,5.58
16/10/1995,5.59
17/10/1995,5.57
18/10/1995,5.58
19/10/1995,5.58
20/10/1995,5.62
23/10/1995,5.65
24/10/1995,5.6
25/10/1995,5.56
26/10/1995,5.52
27/10/1995,5.56
30/10/1995,5.55
31/10/1995,5.55
01/11/1995,5.46
02/11/1995,5.41
03/11/1995,5.43
06/11/1995,5.46
07/11/1995,5.48
08/11/1995,5.41
09/11/1995,5.43
10/11/1995,5.47
13/11/1995,5.44
14/11/1995,5.43
15/11/1995,5.47
16/11/1995,5.42
17/11/1995,5.4
20/11/1995,5.41
21/11/1995,5.45
22/11/1995,5.46
24/11/1995,5.43
27/11/1995,5.41
28/11/1995,5.44
29/11/1995,5.42
30/11/1995,5.36
01/12/1995,5.33
04/12/1995,5.32
05/12/1995,5.33
06/12/1995,5.34
07/12/1995,5.35
08/12/1995,5.39
11/12/1995,5.35
12/12/1995,5.36
13/12/1995,5.37
14/12/1995,5.35
15/12/1995,5.32
18/12/1995,5.38
19/12/1995,5.28
20/12/1995,5.27
21/12/1995,5.29
22/12/1995,5.26
26/12/1995,5.26
27/12/1995,5.23
28/12/1995,5.18
29/12/1995,5.18
02/01/1996,5.17
03/01/1996,5.16
04/01/1996,5.19
05/01/1996,5.19
08/01/1996,5.19
09/01/1996,5.16
10/01/1996,5.19
11/01/1996,5.16
12/01/1996,5.14
16/01/1996,5.06
17/01/1996,5.04
18/01/1996,5.01
19/01/1996,5.02
22/01/1996,5.06
23/01/1996,5.06
24/01/1996,5.03
25/01/1996,5.06
26/01/1996,5.02
29/01/1996,5.05
30/01/1996,4.98
31/01/1996,4.9
01/02/1996,4.88
02/02/1996,4.85
05/02/1996,4.88
06/02/1996,4.87
07/02/1996,4.86
08/02/1996,4.84
09/02/1996,4.82
12/02/1996,4.8
13/02/1996,4.79
14/02/1996,4.8
15/02/1996,4.84
16/02/1996,4.84
20/02/1996,5.09
21/02/1996,5.05
22/02/1996,4.99
23/02/1996,5.02
26/02/1996,5.05
27/02/1996,5.12
28/02/1996,5.22
29/02/1996,5.23
01/03/1996,5.07
04/03/1996,5.02
05/03/1996,5.07
06/03/1996,5.13
07/03/1996,5.14
08/03/1996,5.39
11/03/1996,5.38
12/03/1996,5.41
13/03/1996,5.39
14/03/1996,5.38
15/03/1996,5.51
18/03/1996,5.51
19/03/1996,5.47
20/03/1996,5.41
21/03/1996,5.4
22/03/1996,5.41
25/03/1996,5.38
26/03/1996,5.38
27/03/1996,5.45
28/03/1996,5.48
29/03/1996,5.41
01/04/1996,5.41
02/04/1996,5.44
03/04/1996,5.46
04/04/1996,5.48
05/04/1996,5.63
08/04/1996,5.67
09/04/1996,5.6
10/04/1996,5.64
11/04/1996,5.65
12/04/1996,5.53
15/04/1996,5.47
16/04/1996,5.48
17/04/1996,5.53
18/04/1996,5.56
19/04/1996,5.5
22/04/1996,5.48
23/04/1996,5.48
24/04/1996,5.51
25/04/1996,5.57
26/04/1996,5.55
29/04/1996,5.57
30/04/1996,5.62
01/05/1996,5.6
02/05/1996,5.69
03/05/1996,5.69
06/05/1996,5.66
07/05/1996,5.71
08/05/1996,5.66
09/05/1996,5.68
10/05/1996,5.62
13/05/1996,5.62
14/05/1996,5.58
15/05/1996,5.58
16/05/1996,5.6
17/05/1996,5.58
20/05/1996,5.56
21/05/1996,5.57
22/05/1996,5.56
23/05/1996,5.63
24/05/1996,5.61
28/05/1996,5.63
29/05/1996,5.7
30/05/1996,5.71
31/05/1996,5.77
03/06/1996,5.78
04/06/1996,5.78
05/06/1996,5.76
06/06/1996,5.71
07/06/1996,5.86
10/06/1996,5.88
11/06/1996,5.87
12/06/1996,5.88
13/06/1996,5.85
14/06/1996,5.8
17/06/1996,5.78
18/06/1996,5.78
19/06/1996,5.81
20/06/1996,5.87
21/06/1996,5.84
24/06/1996,5.83
25/06/1996,5.82
26/06/1996,5.83
27/06/1996,5.77
28/06/1996,5.7
01/07/1996,5.74
02/07/1996,5.8
03/07/1996,5.75
05/07/1996,5.97
08/07/1996,5.98
09/07/1996,5.95
10/07/1996,5.89
11/07/1996,5.85
12/07/1996,5.84
15/07/1996,5.86
16/07/1996,5.77
17/07/1996,5.79
18/07/1996,5.79
19/07/1996,5.81
22/07/1996,5.86
23/07/1996,5.85
24/07/1996,5.86
25/07/1996,5.85
26/07/1996,5.85
29/07/1996,5.93
30/07/1996,5.88
31/07/1996,5.85
01/08/1996,5.74
02/08/1996,5.6
05/08/1996,5.6
06/08/1996,5.61
07/08/1996,5.62
08/08/1996,5.62
09/08/1996,5.57
12/08/1996,5.58
13/08/1996,5.63
14/08/1996,5.61
15/08/1996,5.66
16/08/1996,5.61
19/08/1996,5.64
20/08/1996,5.62
21/08/1996,5.62
22/08/1996,5.62
23/08/1996,5.69
26/08/1996,5.77
27/08/1996,5.76
28/08/1996,5.77
29/08/1996,5.82
30/08/1996,5.91
03/09/1996,5.94
04/09/1996,5.97
05/09/1996,5.98
06/09/1996,5.92
09/09/1996,5.91
10/09/1996,5.93
11/09/1996,5.94
12/09/1996,5.9
13/09/1996,5.74
16/09/1996,5.74
17/09/1996,5.83
18/09/1996,5.84
19/09/1996,5.85
20/09/1996,5.85
23/09/1996,5.85
24/09/1996,5.73
25/09/1996,5.7
26/09/1996,5.65
27/09/1996,5.68
30/09/1996,5.71
01/10/1996,5.65
02/10/1996,5.61
03/10/1996,5.61
04/10/1996,5.47
07/10/1996,5.53
08/10/1996,5.53
09/10/1996,5.56
10/10/1996,5.66
11/10/1996,5.57
15/10/1996,5.58
16/10/1996,5.58
17/10/1996,5.52
18/10/1996,5.52
21/10/1996,5.55
22/10/1996,5.57
23/10/1996,5.56
24/10/1996,5.56
25/10/1996,5.55
28/10/1996,5.56
29/10/1996,5.46
30/10/1996,5.46
31/10/1996,5.44
01/11/1996,5.46
04/11/1996,5.46
05/11/1996,5.43
06/11/1996,5.44
07/11/1996,5.44
08/11/1996,5.45
12/11/1996,5.43
13/11/1996,5.42
14/11/1996,5.4
15/11/1996,5.4
18/11/1996,5.41
19/11/1996,5.4
20/11/1996,5.4
21/11/1996,5.43
22/11/1996,5.44
25/11/1996,5.43
26/11/1996,5.41
27/11/1996,5.41
29/11/1996,5.38
02/12/1996,5.4
03/12/1996,5.39
04/12/1996,5.41
05/12/1996,5.44
06/12/1996,5.45
09/12/1996,5.43
10/12/1996,5.43
11/12/1996,5.49
12/12/1996,5.49
13/12/1996,5.46
16/12/1996,5.49
17/12/1996,5.51
18/12/1996,5.55
19/12/1996,5.5
20/12/1996,5.49
23/12/1996,5.52
24/12/1996,5.51
26/12/1996,5.5
27/12/1996,5.47
30/12/1996,5.47
31/12/1996,5.51
02/01/1997,5.63
03/01/1997,5.6
06/01/1997,5.61
07/01/1997,5.61
08/01/1997,5.61
09/01/1997,5.57
10/01/1997,5.66
13/01/1997,5.66
14/01/1997,5.6
15/01/1997,5.57
16/01/1997,5.61
17/01/1997,5.6
21/01/1997,5.6
22/01/1997,5.6
23/01/1997,5.62
24/01/1997,5.62
27/01/1997,5.66
28/01/1997,5.61
29/01/1997,5.61
30/01/1997,5.63
31/01/1997,5.58
03/02/1997,5.54
04/02/1997,5.54
05/02/1997,5.53
06/02/1997,5.53
07/02/1997,5.49
10/02/1997,5.5
11/02/1997,5.52
12/02/1997,5.52
13/02/1997,5.48
14/02/1997,5.45
18/02/1997,5.46
19/02/1997,5.46
20/02/1997,5.49
21/02/1997,5.48
24/02/1997,5.5
25/02/1997,5.52
26/02/1997,5.64
27/02/1997,5.66
28/02/1997,5.67
03/03/1997,5.68
04/03/1997,5.7
05/03/1997,5.71
06/03/1997,5.72
07/03/1997,5.68
10/03/1997,5.7
11/03/1997,5.68
12/03/1997,5.71
13/03/1997,5.76
14/03/1997,5.74
17/03/1997,5.77
18/03/1997,5.77
19/03/1997,5.79
20/03/1997,5.83
21/03/1997,5.88
24/03/1997,5.87
25/03/1997,5.91
26/03/1997,5.97
27/03/1997,6.02
31/03/1997,6.02
01/04/1997,6
02/04/1997,5.98
03/04/1997,5.95
04/04/1997,5.98
07/04/1997,5.97
08/04/1997,5.98
09/04/1997,5.98
10/04/1997,5.99
11/04/1997,6.04
14/04/1997,6.04
15/04/1997,5.99
16/04/1997,5.99
17/04/1997,5.96
18/04/1997,5.94
21/04/1997,5.97
22/04/1997,5.97
23/04/1997,6
24/04/1997,6.05
25/04/1997,6.08
28/04/1997,6.06
29/04/1997,5.92
30/04/1997,5.9
01/05/1997,5.89
02/05/1997,5.88
05/05/1997,5.88
06/05/1997,5.9
07/05/1997,5.95
08/05/1997,5.93
09/05/1997,5.86
12/05/1997,5.85
13/05/1997,5.88
14/05/1997,5.86
15/05/1997,5.84
16/05/1997,5.87
19/05/1997,5.89
20/05/1997,5.83
21/05/1997,5.81
22/05/1997,5.87
23/05/1997,5.85
27/05/1997,5.89
28/05/1997,5.91
29/05/1997,5.84
30/05/1997,5.78
02/06/1997,5.78
03/06/1997,5.77
04/06/1997,5.77
05/06/1997,5.76
06/06/1997,5.71
09/06/1997,5.75
10/06/1997,5.75
11/06/1997,5.75
12/06/1997,5.68
13/06/1997,5.65
16/06/1997,5.65
17/06/1997,5.66
18/06/1997,5.66
19/06/1997,5.65
20/06/1997,5.63
23/06/1997,5.66
24/06/1997,5.66
25/06/1997,5.67
26/06/1997,5.63
27/06/1997,5.62
30/06/1997,5.67
01/07/1997,5.64
02/07/1997,5.64
03/07/1997,5.57
07/07/1997,5.55
08/07/1997,5.55
09/07/1997,5.53
10/07/1997,5.53
11/07/1997,5.52
14/07/1997,5.56
15/07/1997,5.56
16/07/1997,5.51
17/07/1997,5.57
18/07/1997,5.59
21/07/1997,5.61
22/07/1997,5.52
23/07/1997,5.52
24/07/1997,5.52
25/07/1997,5.53
28/07/1997,5.52
29/07/1997,5.47
30/07/1997,5.46
31/07/1997,5.45
01/08/1997,5.52
04/08/1997,5.53
05/08/1997,5.55
06/08/1997,5.53
07/08/1997,5.54
08/08/1997,5.6
11/08/1997,5.63
12/08/1997,5.63
13/08/1997,5.6
14/08/1997,5.57
15/08/1997,5.53
18/08/1997,5.5
19/08/1997,5.51
20/08/1997,5.53
21/08/1997,5.57
22/08/1997,5.57
25/08/1997,5.6
26/08/1997,5.6
27/08/1997,5.6
28/08/1997,5.56
29/08/1997,5.59
02/09/1997,5.57
03/09/1997,5.57
04/09/1997,5.6
05/09/1997,5.58
08/09/1997,5.61
09/09/1997,5.6
10/09/1997,5.61
11/09/1997,5.59
12/09/1997,5.54
15/09/1997,5.54
16/09/1997,5.47
17/09/1997,5.46
18/09/1997,5.47
19/09/1997,5.48
22/09/1997,5.46
23/09/1997,5.48
24/09/1997,5.46
25/09/1997,5.5
26/09/1997,5.47
29/09/1997,5.47
30/09/1997,5.47
01/10/1997,5.44
02/10/1997,5.44
03/10/1997,5.42
06/10/1997,5.4
07/10/1997,5.38
08/10/1997,5.46
09/10/1997,5.48
10/10/1997,5.54
14/10/1997,5.5
15/10/1997,5.52
16/10/1997,5.51
17/10/1997,5.56
20/10/1997,5.56
21/10/1997,5.57
22/10/1997,5.58
23/10/1997,5.48
24/10/1997,5.46
27/10/1997,5.29
28/10/1997,5.41
29/10/1997,5.35
30/10/1997,5.33
31/10/1997,5.36
03/11/1997,5.44
04/11/1997,5.46
05/11/1997,5.45
06/11/1997,5.42
07/11/1997,5.42
10/11/1997,5.46
12/11/1997,5.43
13/11/1997,5.42
14/11/1997,5.43
17/11/1997,5.45
18/11/1997,5.48
19/11/1997,5.47
20/11/1997,5.49
21/11/1997,5.43
24/11/1997,5.47
25/11/1997,5.49
26/11/1997,5.5
28/11/1997,5.52
01/12/1997,5.56
02/12/1997,5.56
03/12/1997,5.53
04/12/1997,5.49
05/12/1997,5.56
08/12/1997,5.63
09/12/1997,5.59
10/12/1997,5.51
11/12/1997,5.48
12/12/1997,5.42
15/12/1997,5.47
16/12/1997,5.47
17/12/1997,5.5
18/12/1997,5.49
19/12/1997,5.5
22/12/1997,5.55
23/12/1997,5.55
24/12/1997,5.54
26/12/1997,5.54
29/12/1997,5.55
30/12/1997,5.55
31/12/1997,5.51
02/01/1998,5.46
05/01/1998,5.35
06/01/1998,5.3
07/01/1998,5.31
08/01/1998,5.2
09/01/1998,5.08
12/01/1998,5.13
13/01/1998,5.17
14/01/1998,5.19
15/01/1998,5.19
16/01/1998,5.24
20/01/1998,5.24
21/01/1998,5.22
22/01/1998,5.18
23/01/1998,5.25
26/01/1998,5.25
27/01/1998,5.32
28/01/1998,5.33
29/01/1998,5.24
30/01/1998,5.24
02/02/1998,5.26
03/02/1998,5.25
04/02/1998,5.24
05/02/1998,5.26
06/02/1998,5.27
09/02/1998,5.28
10/02/1998,5.29
11/02/1998,5.29
12/02/1998,5.28
13/02/1998,5.26
17/02/1998,5.25
18/02/1998,5.27
19/02/1998,5.28
20/02/1998,5.3
23/02/1998,5.35
24/02/1998,5.47
25/02/1998,5.43
26/02/1998,5.42
27/02/1998,5.41
02/03/1998,5.43
03/03/1998,5.46
04/03/1998,5.43
05/03/1998,5.42
06/03/1998,5.4
09/03/1998,5.39
10/03/1998,5.38
11/03/1998,5.37
12/03/1998,5.34
13/03/1998,5.35
16/03/1998,5.33
17/03/1998,5.36
18/03/1998,5.36
19/03/1998,5.37
20/03/1998,5.36
23/03/1998,5.36
24/03/1998,5.37
25/03/1998,5.4
26/03/1998,5.41
27/03/1998,5.43
30/03/1998,5.44
31/03/1998,5.41
01/04/1998,5.37
02/04/1998,5.35
03/04/1998,5.25
06/04/1998,5.3
07/04/1998,5.28
08/04/1998,5.3
09/04/1998,5.33
13/04/1998,5.42
14/04/1998,5.4
15/04/1998,5.38
16/04/1998,5.37
17/04/1998,5.36
20/04/1998,5.39
21/04/1998,5.41
22/04/1998,5.41
23/04/1998,5.4
24/04/1998,5.39
27/04/1998,5.48
28/04/1998,5.48
29/04/1998,5.49
30/04/1998,5.4
01/05/1998,5.41
04/05/1998,5.42
05/05/1998,5.45
06/05/1998,5.41
07/05/1998,5.42
08/05/1998,5.44
11/05/1998,5.48
12/05/1998,5.44
13/05/1998,5.44
14/05/1998,5.48
15/05/1998,5.46
18/05/1998,5.45
19/05/1998,5.45
20/05/1998,5.42
21/05/1998,5.47
22/05/1998,5.45
26/05/1998,5.45
27/05/1998,5.41
28/05/1998,5.43
29/05/1998,5.42
01/06/1998,5.4
02/06/1998,5.41
03/06/1998,5.42
04/06/1998,5.43
05/06/1998,5.45
08/06/1998,5.46
09/06/1998,5.46
10/06/1998,5.44
11/06/1998,5.37
12/06/1998,5.35
15/06/1998,5.33
16/06/1998,5.39
17/06/1998,5.44
18/06/1998,5.42
19/06/1998,5.4
22/06/1998,5.41
23/06/1998,5.41
24/06/1998,5.41
25/06/1998,5.41
26/06/1998,5.4
29/06/1998,5.4
30/06/1998,5.38
01/07/1998,5.37
02/07/1998,5.35
06/07/1998,5.34
07/07/1998,5.35
08/07/1998,5.34
09/07/1998,5.33
10/07/1998,5.33
13/07/1998,5.35
14/07/1998,5.36
15/07/1998,5.35
16/07/1998,5.38
17/07/1998,5.37
20/07/1998,5.37
21/07/1998,5.37
22/07/1998,5.37
23/07/1998,5.35
24/07/1998,5.36
27/07/1998,5.36
28/07/1998,5.35
29/07/1998,5.37
30/07/1998,5.38
31/07/1998,5.38
03/08/1998,5.37
04/08/1998,5.33
05/08/1998,5.3
06/08/1998,5.3
07/08/1998,5.24
10/08/1998,5.23
11/08/1998,5.2
12/08/1998,5.21
13/08/1998,5.26
14/08/1998,5.25
17/08/1998,5.24
18/08/1998,5.26
19/08/1998,5.25
20/08/1998,5.24
21/08/1998,5.19
24/08/1998,5.18
25/08/1998,5.17
26/08/1998,5.16
27/08/1998,5.02
28/08/1998,4.96
31/08/1998,4.95
01/09/1998,4.87
02/09/1998,4.91
03/09/1998,4.9
04/09/1998,4.91
08/09/1998,4.91
09/09/1998,4.81
10/09/1998,4.6
11/09/1998,4.73
14/09/1998,4.77
15/09/1998,4.77
16/09/1998,4.78
17/09/1998,4.76
18/09/1998,4.7
21/09/1998,4.71
22/09/1998,4.72
23/09/1998,4.6
24/09/1998,4.52
25/09/1998,4.49
28/09/1998,4.53
29/09/1998,4.53
30/09/1998,4.41
01/10/1998,4.28
02/10/1998,4.29
05/10/1998,4.18
06/10/1998,4.22
07/10/1998,4.23
08/10/1998,4.11
09/10/1998,4.16
13/10/1998,4.25
14/10/1998,4.19
15/10/1998,4.25
16/10/1998,3.86
19/10/1998,3.92
20/10/1998,3.98
21/10/1998,4.02
22/10/1998,4.04
23/10/1998,4.07
26/10/1998,4.13
27/10/1998,4.04
28/10/1998,4.07
29/10/1998,4.08
30/10/1998,4.18
02/11/1998,4.33
03/11/1998,4.33
04/11/1998,4.46
05/11/1998,4.53
06/11/1998,4.64
09/11/1998,4.54
10/11/1998,4.53
12/11/1998,4.5
13/11/1998,4.52
16/11/1998,4.55
17/11/1998,4.52
18/11/1998,4.53
19/11/1998,4.55
20/11/1998,4.56
23/11/1998,4.57
24/11/1998,4.6
25/11/1998,4.6
27/11/1998,4.59
30/11/1998,4.53
01/12/1998,4.46
02/12/1998,4.41
03/12/1998,4.41
04/12/1998,4.49
07/12/1998,4.58
08/12/1998,4.49
09/12/1998,4.46
10/12/1998,4.45
11/12/1998,4.49
14/12/1998,4.47
15/12/1998,4.49
16/12/1998,4.44
17/12/1998,4.45
18/12/1998,4.48
21/12/1998,4.53
22/12/1998,4.56
23/12/1998,4.69
24/12/1998,4.72
28/12/1998,4.65
29/12/1998,4.62
30/12/1998,4.54
31/12/1998,4.53
04/01/1999,4.58
05/01/1999,4.56
06/01/1999,4.53
07/01/1999,4.51
08/01/1999,4.57
11/01/1999,4.62
12/01/1999,4.55
13/01/1999,4.49
14/01/1999,4.41
15/01/1999,4.46
19/01/1999,4.49
20/01/1999,4.53
21/01/1999,4.48
22/01/1999,4.46
25/01/1999,4.48
26/01/1999,4.51
27/01/1999,4.51
28/01/1999,4.52
29/01/1999,4.51
01/02/1999,4.58
02/02/1999,4.59
03/02/1999,4.59
04/02/1999,4.63
05/02/1999,4.66
08/02/1999,4.66
09/02/1999,4.65
10/02/1999,4.64
11/02/1999,4.66
12/02/1999,4.74
16/02/1999,4.73
17/02/1999,4.69
18/02/1999,4.72
19/02/1999,4.71
22/02/1999,4.73
23/02/1999,4.78
24/02/1999,4.85
25/02/1999,4.86
26/02/1999,4.88
01/03/1999,4.91
02/03/1999,4.93
03/03/1999,4.89
04/03/1999,4.9
05/03/1999,4.84
08/03/1999,4.83
09/03/1999,4.76
10/03/1999,4.75
11/03/1999,4.77
12/03/1999,4.76
15/03/1999,4.76
16/03/1999,4.74
17/03/1999,4.74
18/03/1999,4.72
19/03/1999,4.73
22/03/1999,4.77
23/03/1999,4.74
24/03/1999,4.73
25/03/1999,4.77
26/03/1999,4.74
29/03/1999,4.75
30/03/1999,4.72
31/03/1999,4.72
01/04/1999,4.73
02/04/1999,4.67
05/04/1999,4.67
06/04/1999,4.66
07/04/1999,4.69
08/04/1999,4.64
09/04/1999,4.63
12/04/1999,4.66
13/04/1999,4.66
14/04/1999,4.65
15/04/1999,4.66
16/04/1999,4.71
19/04/1999,4.69
20/04/1999,4.67
21/04/1999,4.68
22/04/1999,4.73
23/04/1999,4.71
26/04/1999,4.72
27/04/1999,4.74
28/04/1999,4.75
29/04/1999,4.68
30/04/1999,4.78
03/05/1999,4.79
04/05/1999,4.8
05/05/1999,4.75
06/05/1999,4.79
07/05/1999,4.78
10/05/1999,4.77
11/05/1999,4.8
12/05/1999,4.79
13/05/1999,4.75
14/05/1999,4.86
17/05/1999,4.9
18/05/1999,4.92
19/05/1999,4.9
20/05/1999,4.88
21/05/1999,4.87
24/05/1999,4.86
25/05/1999,4.9
26/05/1999,4.92
27/05/1999,4.98
28/05/1999,4.97
01/06/1999,5.09
02/06/1999,5.07
03/06/1999,5.07
04/06/1999,5.07
07/06/1999,5.08
08/06/1999,5.1
09/06/1999,5.12
10/06/1999,5.13
11/06/1999,5.16
14/06/1999,5.13
15/06/1999,5.09
16/06/1999,5
17/06/1999,4.95
18/06/1999,4.98
21/06/1999,5.01
22/06/1999,5.15
23/06/1999,5.18
24/06/1999,5.18
25/06/1999,5.18
28/06/1999,5.15
29/06/1999,5.17
30/06/1999,5.07
01/07/1999,5.09
02/07/1999,5.08
06/07/1999,5.08
07/07/1999,5.06
08/07/1999,5.04
09/07/1999,5.04
12/07/1999,5.02
13/07/1999,5
14/07/1999,5.01
15/07/1999,5.01
16/07/1999,5
19/07/1999,5
20/07/1999,4.96
21/07/1999,4.92
22/07/1999,4.99
23/07/1999,5.02
26/07/1999,5.04
27/07/1999,5.03
28/07/1999,5.04
29/07/1999,5.11
30/07/1999,5.13
02/08/1999,5.15
03/08/1999,5.17
04/08/1999,5.12
05/08/1999,5.05
06/08/1999,5.16
09/08/1999,5.24
10/08/1999,5.24
11/08/1999,5.22
12/08/1999,5.25
13/08/1999,5.19
16/08/1999,5.24
17/08/1999,5.23
18/08/1999,5.19
19/08/1999,5.18
20/08/1999,5.16
23/08/1999,5.21
24/08/1999,5.18
25/08/1999,5.14
26/08/1999,5.18
27/08/1999,5.24
30/08/1999,5.31
31/08/1999,5.3
01/09/1999,5.3
02/09/1999,5.3
03/09/1999,5.22
07/09/1999,5.27
08/09/1999,5.28
09/09/1999,5.3
10/09/1999,5.26
13/09/1999,5.28
14/09/1999,5.3
15/09/1999,5.25
16/09/1999,5.23
17/09/1999,5.24
20/09/1999,5.28
21/09/1999,5.26
22/09/1999,5.26
23/09/1999,5.22
24/09/1999,5.15
27/09/1999,5.19
28/09/1999,5.2
29/09/1999,5.27
30/09/1999,5.22
01/10/1999,5.3
04/10/1999,5.27
05/10/1999,5.33
06/10/1999,5.36
07/10/1999,5.36
08/10/1999,5.36
12/10/1999,5.38
13/10/1999,5.43
14/10/1999,5.45
15/10/1999,5.42
18/10/1999,5.42
19/10/1999,5.47
20/10/1999,5.49
21/10/1999,5.48
22/10/1999,5.5
25/10/1999,5.54
26/10/1999,5.57
27/10/1999,5.53
28/10/1999,5.49
29/10/1999,5.43
01/11/1999,5.47
02/11/1999,5.47
03/11/1999,5.46
04/11/1999,5.44
05/11/1999,5.43
08/11/1999,5.48
09/11/1999,5.49
10/11/1999,5.52
12/11/1999,5.49
15/11/1999,5.52
16/11/1999,5.55
17/11/1999,5.57
18/11/1999,5.58
19/11/1999,5.59
22/11/1999,5.63
23/11/1999,5.63
24/11/1999,5.65
26/11/1999,5.68
29/11/1999,5.72
30/11/1999,5.7
01/12/1999,5.73
02/12/1999,5.77
03/12/1999,5.71
06/12/1999,5.72
07/12/1999,5.68
08/12/1999,5.69
09/12/1999,5.67
10/12/1999,5.67
13/12/1999,5.74
14/12/1999,5.81
15/12/1999,5.85
16/12/1999,5.9
17/12/1999,5.93
20/12/1999,5.99
21/12/1999,5.97
22/12/1999,5.97
23/12/1999,5.96
27/12/1999,5.97
28/12/1999,5.96
29/12/1999,5.93
30/12/1999,5.93
31/12/1999,5.98
03/01/2000,6.09
04/01/2000,6
05/01/2000,6.05
06/01/2000,6.03
07/01/2000,6
10/01/2000,6.07
11/01/2000,6.13
12/01/2000,6.16
13/01/2000,6.1
14/01/2000,6.13
18/01/2000,6.15
19/01/2000,6.12
20/01/2000,6.13
21/01/2000,6.12
24/01/2000,6.13
25/01/2000,6.13
26/01/2000,6.15
27/01/2000,6.19
28/01/2000,6.25
31/01/2000,6.3
01/02/2000,6.3
02/02/2000,6.24
03/02/2000,6.16
04/02/2000,6.19
07/02/2000,6.23
08/02/2000,6.22
09/02/2000,6.2
10/02/2000,6.2
11/02/2000,6.17
14/02/2000,6.19
15/02/2000,6.2
16/02/2000,6.22
17/02/2000,6.28
18/02/2000,6.26
22/02/2000,6.22
23/02/2000,6.27
24/02/2000,6.22
25/02/2000,6.18
28/02/2000,6.21
29/02/2000,6.2
01/03/2000,6.17
02/03/2000,6.19
03/03/2000,6.15
06/03/2000,6.2
07/03/2000,6.17
08/03/2000,6.17
09/03/2000,6.15
10/03/2000,6.21
13/03/2000,6.21
14/03/2000,6.2
15/03/2000,6.21
16/03/2000,6.2
17/03/2000,6.2
20/03/2000,6.23
21/03/2000,6.22
22/03/2000,6.21
23/03/2000,6.23
24/03/2000,6.31
27/03/2000,6.32
28/03/2000,6.31
29/03/2000,6.31
30/03/2000,6.26
31/03/2000,6.28
03/04/2000,6.23
04/04/2000,6.14
05/04/2000,6.15
06/04/2000,6.17
07/04/2000,6.17
10/04/2000,6.14
11/04/2000,6.16
12/04/2000,6.17
13/04/2000,6.16
14/04/2000,6.08
17/04/2000,6.09
18/04/2000,6.07
19/04/2000,6.08
20/04/2000,6.12
24/04/2000,6.11
25/04/2000,6.18
26/04/2000,6.19
27/04/2000,6.21
28/04/2000,6.24
01/05/2000,6.24
02/05/2000,6.23
03/05/2000,6.23
04/05/2000,6.2
05/05/2000,6.29
08/05/2000,6.38
09/05/2000,6.37
10/05/2000,6.36
11/05/2000,6.37
12/05/2000,6.44
15/05/2000,6.44
16/05/2000,6.43
17/05/2000,6.42
18/05/2000,6.39
19/05/2000,6.32
22/05/2000,6.29
23/05/2000,6.3
24/05/2000,6.29
25/05/2000,6.27
26/05/2000,6.27
30/05/2000,6.28
31/05/2000,6.37
01/06/2000,6.32
02/06/2000,6.23
05/06/2000,6.22
06/06/2000,6.24
07/06/2000,6.23
08/06/2000,6.22
09/06/2000,6.23
12/06/2000,6.2
13/06/2000,6.17
14/06/2000,6.13
15/06/2000,6.13
16/06/2000,6.09
19/06/2000,6.11
20/06/2000,6.12
21/06/2000,6.16
22/06/2000,6.16
23/06/2000,6.19
26/06/2000,6.16
27/06/2000,6.16
28/06/2000,6.14
29/06/2000,6.11
30/06/2000,6.08
03/07/2000,6.07
05/07/2000,6.06
06/07/2000,6.1
07/07/2000,6.07
10/07/2000,6.09
11/07/2000,6.09
12/07/2000,6.1
13/07/2000,6.07
14/07/2000,6.12
17/07/2000,6.14
18/07/2000,6.13
19/07/2000,6.15
20/07/2000,6.04
21/07/2000,6.07
24/07/2000,6.07
25/07/2000,6.06
26/07/2000,6.05
27/07/2000,6.05
28/07/2000,6.05
31/07/2000,6.07
01/08/2000,6.09
02/08/2000,6.12
03/08/2000,6.1
04/08/2000,6.08
07/08/2000,6.13
08/08/2000,6.13
09/08/2000,6.17
10/08/2000,6.17
11/08/2000,6.24
14/08/2000,6.21
15/08/2000,6.22
16/08/2000,6.21
17/08/2000,6.21
18/08/2000,6.19
21/08/2000,6.2
22/08/2000,6.2
23/08/2000,6.18
24/08/2000,6.2
25/08/2000,6.2
28/08/2000,6.24
29/08/2000,6.25
30/08/2000,6.25
31/08/2000,6.22
01/09/2000,6.18
05/09/2000,6.18
06/09/2000,6.19
07/09/2000,6.22
08/09/2000,6.19
11/09/2000,6.2
12/09/2000,6.17
13/09/2000,6.12
14/09/2000,6.13
15/09/2000,6.1
18/09/2000,6.07
19/09/2000,6.09
20/09/2000,6.1
21/09/2000,6.09
22/09/2000,6.08
25/09/2000,6.09
26/09/2000,6.08
27/09/2000,6.07
28/09/2000,6.09
29/09/2000,6.07
02/10/2000,6.06
03/10/2000,6.07
04/10/2000,6.06
05/10/2000,6.06
06/10/2000,6.06
10/10/2000,6.06
11/10/2000,6.01
12/10/2000,5.93
13/10/2000,5.93
16/10/2000,5.97
17/10/2000,5.92
18/10/2000,5.91
19/10/2000,5.96
20/10/2000,5.94
23/10/2000,5.93
24/10/2000,5.97
25/10/2000,6.01
26/10/2000,6.05
27/10/2000,6.11
30/10/2000,6.13
31/10/2000,6.12
01/11/2000,6.1
02/11/2000,6.09
03/11/2000,6.13
06/11/2000,6.16
07/11/2000,6.16
08/11/2000,6.16
09/11/2000,6.13
10/11/2000,6.11
13/11/2000,6.1
14/11/2000,6.11
15/11/2000,6.1
16/11/2000,6.07
17/11/2000,6.09
20/11/2000,6.07
21/11/2000,6.07
22/11/2000,6.1
24/11/2000,6.12
27/11/2000,6.11
28/11/2000,6.05
29/11/2000,5.98
30/11/2000,5.92
01/12/2000,5.93
04/12/2000,5.88
05/12/2000,5.79
06/12/2000,5.72
07/12/2000,5.74
08/12/2000,5.77
11/12/2000,5.79
12/12/2000,5.79
13/12/2000,5.74
14/12/2000,5.7
15/12/2000,5.65
18/12/2000,5.58
19/12/2000,5.58
20/12/2000,5.46
21/12/2000,5.33
22/12/2000,5.25
26/12/2000,5.31
27/12/2000,5.32
28/12/2000,5.4
29/12/2000,5.32
02/01/2001,5.11
03/01/2001,5.04
04/01/2001,4.82
05/01/2001,4.6
08/01/2001,4.61
09/01/2001,4.71
10/01/2001,4.82
11/01/2001,4.84
12/01/2001,4.96
16/01/2001,4.95
17/01/2001,4.91
18/01/2001,4.76
19/01/2001,4.79
22/01/2001,4.79
23/01/2001,4.85
24/01/2001,4.86
25/01/2001,4.83
26/01/2001,4.8
29/01/2001,4.78
30/01/2001,4.68
31/01/2001,4.6
01/02/2001,4.56
02/02/2001,4.67
05/02/2001,4.7
06/02/2001,4.74
07/02/2001,4.73
08/02/2001,4.74
09/02/2001,4.68
12/02/2001,4.7
13/02/2001,4.77
14/02/2001,4.84
15/02/2001,4.9
16/02/2001,4.78
20/02/2001,4.77
21/02/2001,4.74
22/02/2001,4.68
23/02/2001,4.58
26/02/2001,4.48
27/02/2001,4.47
28/02/2001,4.47
01/03/2001,4.45
02/03/2001,4.48
05/03/2001,4.51
06/03/2001,4.5
07/03/2001,4.44
08/03/2001,4.42
09/03/2001,4.46
12/03/2001,4.43
13/03/2001,4.43
14/03/2001,4.29
15/03/2001,4.19
16/03/2001,4.19
19/03/2001,4.25
20/03/2001,4.18
21/03/2001,4.14
22/03/2001,4.1
23/03/2001,4.17
26/03/2001,4.18
27/03/2001,4.29
28/03/2001,4.22
29/03/2001,4.16
30/03/2001,4.09
02/04/2001,4.1
03/04/2001,4.01
04/04/2001,3.97
05/04/2001,4.01
06/04/2001,3.9
09/04/2001,3.94
10/04/2001,4.04
11/04/2001,4.11
12/04/2001,4.17
16/04/2001,4.26
17/04/2001,4.17
18/04/2001,3.97
19/04/2001,3.94
20/04/2001,3.88
23/04/2001,3.77
24/04/2001,3.76
25/04/2001,3.85
26/04/2001,3.83
27/04/2001,3.91
30/04/2001,3.94
01/05/2001,3.91
02/05/2001,3.95
03/05/2001,3.89
04/05/2001,3.79
07/05/2001,3.73
08/05/2001,3.7
09/05/2001,3.69
10/05/2001,3.78
11/05/2001,3.89
14/05/2001,3.79
15/05/2001,3.75
16/05/2001,3.72
17/05/2001,3.75
18/05/2001,3.79
21/05/2001,3.83
22/05/2001,3.79
23/05/2001,3.75
24/05/2001,3.79
25/05/2001,3.76
29/05/2001,3.76
30/05/2001,3.75
31/05/2001,3.63
01/06/2001,3.67
04/06/2001,3.68
05/06/2001,3.61
06/06/2001,3.62
07/06/2001,3.63
08/06/2001,3.64
11/06/2001,3.64
12/06/2001,3.62
13/06/2001,3.6
14/06/2001,3.56
15/06/2001,3.53
18/06/2001,3.48
19/06/2001,3.48
20/06/2001,3.45
21/06/2001,3.47
22/06/2001,3.41
25/06/2001,3.48
26/06/2001,3.53
27/06/2001,3.59
28/06/2001,3.69
29/06/2001,3.72
02/07/2001,3.74
03/07/2001,3.71
05/07/2001,3.7
06/07/2001,3.63
09/07/2001,3.66
10/07/2001,3.61
11/07/2001,3.6
12/07/2001,3.6
13/07/2001,3.64
16/07/2001,3.63
17/07/2001,3.63
18/07/2001,3.57
19/07/2001,3.6
20/07/2001,3.59
23/07/2001,3.59
24/07/2001,3.59
25/07/2001,3.62
26/07/2001,3.59
27/07/2001,3.57
30/07/2001,3.56
31/07/2001,3.53
01/08/2001,3.56
02/08/2001,3.57
03/08/2001,3.57
06/08/2001,3.56
07/08/2001,3.56
08/08/2001,3.46
09/08/2001,3.48
10/08/2001,3.45
13/08/2001,3.43
14/08/2001,3.46
15/08/2001,3.47
16/08/2001,3.43
17/08/2001,3.39
20/08/2001,3.44
21/08/2001,3.41
22/08/2001,3.44
23/08/2001,3.46
24/08/2001,3.48
27/08/2001,3.51
28/08/2001,3.46
29/08/2001,3.44
30/08/2001,3.38
31/08/2001,3.41
04/09/2001,3.55
05/09/2001,3.47
06/09/2001,3.4
07/09/2001,3.29
10/09/2001,3.31
13/09/2001,2.81
14/09/2001,2.73
17/09/2001,2.72
18/09/2001,2.69
19/09/2001,2.49
20/09/2001,2.56
21/09/2001,2.53
24/09/2001,2.56
25/09/2001,2.51
26/09/2001,2.48
27/09/2001,2.43
28/09/2001,2.49
01/10/2001,2.47
02/10/2001,2.43
03/10/2001,2.38
04/10/2001,2.37
05/10/2001,2.33
09/10/2001,2.35
10/10/2001,2.35
11/10/2001,2.44
12/10/2001,2.4
15/10/2001,2.39
16/10/2001,2.37
17/10/2001,2.37
18/10/2001,2.36
19/10/2001,2.34
22/10/2001,2.35
23/10/2001,2.37
24/10/2001,2.32
25/10/2001,2.26
26/10/2001,2.26
29/10/2001,2.18
30/10/2001,2.11
31/10/2001,2.07
01/11/2001,2.1
02/11/2001,2.07
05/11/2001,2.05
06/11/2001,1.97
07/11/2001,1.93
08/11/2001,2
09/11/2001,2.02
13/11/2001,2.07
14/11/2001,2.13
15/11/2001,2.34
16/11/2001,2.41
19/11/2001,2.31
20/11/2001,2.31
21/11/2001,2.38
23/11/2001,2.41
26/11/2001,2.43
27/11/2001,2.36
28/11/2001,2.26
29/11/2001,2.03
30/11/2001,2.06
03/12/2001,2.08
04/12/2001,2.07
05/12/2001,2.27
06/12/2001,2.35
07/12/2001,2.26
10/12/2001,2.17
11/12/2001,2.12
12/12/2001,2.13
13/12/2001,2.2
14/12/2001,2.22
17/12/2001,2.24
18/12/2001,2.24
19/12/2001,2.23
20/12/2001,2.22
21/12/2001,2.23
24/12/2001,2.24
26/12/2001,2.34
27/12/2001,2.27
28/12/2001,2.26
31/12/2001,2.17
02/01/2002,2.28
03/01/2002,2.24
04/01/2002,2.25
07/01/2002,2.19
08/01/2002,2.19
09/01/2002,2.17
10/01/2002,2.1
11/01/2002,1.98
14/01/2002,2
15/01/2002,1.99
16/01/2002,2.01
17/01/2002,2.09
18/01/2002,2.08
22/01/2002,2.11
23/01/2002,2.15
24/01/2002,2.22
25/01/2002,2.25
28/01/2002,2.28
29/01/2002,2.23
30/01/2002,2.23
31/01/2002,2.29
01/02/2002,2.22
04/02/2002,2.19
05/02/2002,2.22
06/02/2002,2.2
07/02/2002,2.2
08/02/2002,2.16
11/02/2002,2.21
12/02/2002,2.26
13/02/2002,2.27
14/02/2002,2.26
15/02/2002,2.2
19/02/2002,2.23
20/02/2002,2.24
21/02/2002,2.25
22/02/2002,2.22
25/02/2002,2.26
26/02/2002,2.31
27/02/2002,2.27
28/02/2002,2.25
01/03/2002,2.33
04/03/2002,2.36
05/03/2002,2.36
06/03/2002,2.34
07/03/2002,2.43
08/03/2002,2.57
11/03/2002,2.59
12/03/2002,2.57
13/03/2002,2.52
14/03/2002,2.59
15/03/2002,2.61
18/03/2002,2.65
19/03/2002,2.61
20/03/2002,2.66
21/03/2002,2.66
22/03/2002,2.7
25/03/2002,2.75
26/03/2002,2.69
27/03/2002,2.65
28/03/2002,2.7
01/04/2002,2.76
02/04/2002,2.68
03/04/2002,2.61
04/04/2002,2.61
05/04/2002,2.54
08/04/2002,2.61
09/04/2002,2.55
10/04/2002,2.52
11/04/2002,2.51
12/04/2002,2.44
15/04/2002,2.44
16/04/2002,2.46
17/04/2002,2.43
18/04/2002,2.4
19/04/2002,2.39
22/04/2002,2.41
23/04/2002,2.41
24/04/2002,2.35
25/04/2002,2.33
26/04/2002,2.31
29/04/2002,2.36
30/04/2002,2.35
01/05/2002,2.33
02/05/2002,2.35
03/05/2002,2.28
06/05/2002,2.3
07/05/2002,2.27
08/05/2002,2.37
09/05/2002,2.33
10/05/2002,2.27
13/05/2002,2.36
14/05/2002,2.43
15/05/2002,2.41
16/05/2002,2.35
17/05/2002,2.45
20/05/2002,2.41
21/05/2002,2.38
22/05/2002,2.34
23/05/2002,2.38
24/05/2002,2.37
28/05/2002,2.41
29/05/2002,2.35
30/05/2002,2.31
31/05/2002,2.34
03/06/2002,2.35
04/06/2002,2.31
05/06/2002,2.33
06/06/2002,2.3
07/06/2002,2.31
10/06/2002,2.3
11/06/2002,2.27
12/06/2002,2.25
13/06/2002,2.2
14/06/2002,2.16
17/06/2002,2.2
18/06/2002,2.16
19/06/2002,2.07
20/06/2002,2.12
21/06/2002,2.09
24/06/2002,2.15
25/06/2002,2.16
26/06/2002,2.05
27/06/2002,2.09
28/06/2002,2.06
01/07/2002,2.09
02/07/2002,2.04
03/07/2002,2.02
05/07/2002,2.08
08/07/2002,2.08
09/07/2002,2.01
10/07/2002,1.97
11/07/2002,1.95
12/07/2002,1.97
15/07/2002,1.97
16/07/2002,1.99
17/07/2002,1.99
18/07/2002,1.95
19/07/2002,1.94
22/07/2002,1.94
23/07/2002,1.91
24/07/2002,1.89
25/07/2002,1.86
26/07/2002,1.8
29/07/2002,1.93
30/07/2002,1.96
31/07/2002,1.8
01/08/2002,1.75
02/08/2002,1.65
05/08/2002,1.68
06/08/2002,1.69
07/08/2002,1.64
08/08/2002,1.68
09/08/2002,1.68
12/08/2002,1.75
13/08/2002,1.7
14/08/2002,1.77
15/08/2002,1.78
16/08/2002,1.82
19/08/2002,1.86
20/08/2002,1.77
21/08/2002,1.77
22/08/2002,1.85
23/08/2002,1.8
26/08/2002,1.79
27/08/2002,1.89
28/08/2002,1.85
29/08/2002,1.75
30/08/2002,1.74
03/09/2002,1.71
04/09/2002,1.69
05/09/2002,1.66
06/09/2002,1.75
09/09/2002,1.77
10/09/2002,1.77
11/09/2002,1.84
12/09/2002,1.79
13/09/2002,1.74
16/09/2002,1.78
17/09/2002,1.77
18/09/2002,1.75
19/09/2002,1.68
20/09/2002,1.68
23/09/2002,1.68
24/09/2002,1.68
25/09/2002,1.73
26/09/2002,1.68
27/09/2002,1.62
30/09/2002,1.53
01/10/2002,1.56
02/10/2002,1.53
03/10/2002,1.53
04/10/2002,1.58
07/10/2002,1.59
08/10/2002,1.6
09/10/2002,1.55
10/10/2002,1.6
11/10/2002,1.63
15/10/2002,1.79
16/10/2002,1.74
17/10/2002,1.78
18/10/2002,1.77
21/10/2002,1.86
22/10/2002,1.85
23/10/2002,1.84
24/10/2002,1.73
25/10/2002,1.69
28/10/2002,1.6
29/10/2002,1.53
30/10/2002,1.49
31/10/2002,1.46
01/11/2002,1.46
04/11/2002,1.48
05/11/2002,1.48
06/11/2002,1.46
07/11/2002,1.46
08/11/2002,1.43
12/11/2002,1.44
13/11/2002,1.42
14/11/2002,1.48
15/11/2002,1.49
18/11/2002,1.48
19/11/2002,1.49
20/11/2002,1.5
21/11/2002,1.52
22/11/2002,1.54
25/11/2002,1.56
26/11/2002,1.51
27/11/2002,1.58
29/11/2002,1.56
02/12/2002,1.56
03/12/2002,1.57
04/12/2002,1.53
05/12/2002,1.5
06/12/2002,1.47
09/12/2002,1.48
10/12/2002,1.48
11/12/2002,1.46
12/12/2002,1.46
13/12/2002,1.47
16/12/2002,1.5
17/12/2002,1.48
18/12/2002,1.43
19/12/2002,1.37
20/12/2002,1.39
23/12/2002,1.43
24/12/2002,1.42
26/12/2002,1.41
27/12/2002,1.36
30/12/2002,1.36
31/12/2002,1.32
02/01/2003,1.42
03/01/2003,1.41
06/01/2003,1.44
07/01/2003,1.4
08/01/2003,1.36
09/01/2003,1.44
10/01/2003,1.39
13/01/2003,1.41
14/01/2003,1.4
15/01/2003,1.37
16/01/2003,1.37
17/01/2003,1.34
21/01/2003,1.33
22/01/2003,1.31
23/01/2003,1.33
24/01/2003,1.31
27/01/2003,1.31
28/01/2003,1.34
29/01/2003,1.36
30/01/2003,1.3
31/01/2003,1.31
03/02/2003,1.34
04/02/2003,1.33
05/02/2003,1.34
06/02/2003,1.32
07/02/2003,1.28
10/02/2003,1.33
11/02/2003,1.3
12/02/2003,1.29
13/02/2003,1.27
14/02/2003,1.3
18/02/2003,1.31
19/02/2003,1.29
20/02/2003,1.29
21/02/2003,1.31
24/02/2003,1.28
25/02/2003,1.27
26/02/2003,1.27
27/02/2003,1.27
28/02/2003,1.24
03/03/2003,1.26
04/03/2003,1.24
05/03/2003,1.22
06/03/2003,1.22
07/03/2003,1.15
10/03/2003,1.09
11/03/2003,1.12
12/03/2003,1.14
13/03/2003,1.24
14/03/2003,1.22
17/03/2003,1.24
18/03/2003,1.35
19/03/2003,1.32
20/03/2003,1.34
21/03/2003,1.36
24/03/2003,1.32
25/03/2003,1.28
26/03/2003,1.27
27/03/2003,1.25
28/03/2003,1.22
31/03/2003,1.19
01/04/2003,1.16
02/04/2003,1.22
03/04/2003,1.18
04/04/2003,1.18
07/04/2003,1.25
08/04/2003,1.21
09/04/2003,1.22
10/04/2003,1.25
11/04/2003,1.3
14/04/2003,1.33
15/04/2003,1.32
16/04/2003,1.31
17/04/2003,1.34
21/04/2003,1.35
22/04/2003,1.34
23/04/2003,1.33
24/04/2003,1.28
25/04/2003,1.26
28/04/2003,1.28
29/04/2003,1.28
30/04/2003,1.22
01/05/2003,1.21
02/05/2003,1.27
05/05/2003,1.27
06/05/2003,1.19
07/05/2003,1.21
08/05/2003,1.24
09/05/2003,1.22
12/05/2003,1.22
13/05/2003,1.23
14/05/2003,1.2
15/05/2003,1.21
16/05/2003,1.15
19/05/2003,1.14
20/05/2003,1.1
21/05/2003,1.15
22/05/2003,1.14
23/05/2003,1.14
27/05/2003,1.13
28/05/2003,1.15
29/05/2003,1.11
30/05/2003,1.13
02/06/2003,1.15
03/06/2003,1.07
04/06/2003,1.04
05/06/2003,1.07
06/06/2003,1.08
09/06/2003,1.04
10/06/2003,0.98
11/06/2003,1
12/06/2003,0.95
13/06/2003,0.9
16/06/2003,0.95
17/06/2003,1
18/06/2003,0.96
19/06/2003,0.88
20/06/2003,0.94
23/06/2003,0.94
24/06/2003,0.91
25/06/2003,1.05
26/06/2003,1.11
27/06/2003,1.09
30/06/2003,1.09
01/07/2003,1.07
02/07/2003,1.06
03/07/2003,1.07
07/07/2003,1.08
08/07/2003,1.09
09/07/2003,1.09
10/07/2003,1.07
11/07/2003,1.06
14/07/2003,1.07
15/07/2003,1.1
16/07/2003,1.12
17/07/2003,1.11
18/07/2003,1.12
21/07/2003,1.17
22/07/2003,1.12
23/07/2003,1.11
24/07/2003,1.13
25/07/2003,1.13
28/07/2003,1.17
29/07/2003,1.17
30/07/2003,1.17
31/07/2003,1.28
01/08/2003,1.31
04/08/2003,1.24
05/08/2003,1.32
06/08/2003,1.28
07/08/2003,1.26
08/08/2003,1.22
11/08/2003,1.3
12/08/2003,1.25
13/08/2003,1.31
14/08/2003,1.31
15/08/2003,1.3
18/08/2003,1.33
19/08/2003,1.29
20/08/2003,1.3
21/08/2003,1.37
22/08/2003,1.35
25/08/2003,1.35
26/08/2003,1.32
27/08/2003,1.38
28/08/2003,1.34
29/08/2003,1.35
02/09/2003,1.39
03/09/2003,1.36
04/09/2003,1.33
05/09/2003,1.24
08/09/2003,1.27
09/09/2003,1.23
10/09/2003,1.2
11/09/2003,1.22
12/09/2003,1.2
15/09/2003,1.2
16/09/2003,1.22
17/09/2003,1.19
18/09/2003,1.23
19/09/2003,1.23
22/09/2003,1.24
23/09/2003,1.24
24/09/2003,1.22
25/09/2003,1.21
26/09/2003,1.21
29/09/2003,1.21
30/09/2003,1.15
01/10/2003,1.13
02/10/2003,1.14
03/10/2003,1.2
06/10/2003,1.15
07/10/2003,1.21
08/10/2003,1.21
09/10/2003,1.22
10/10/2003,1.21
14/10/2003,1.23
15/10/2003,1.27
16/10/2003,1.34
17/10/2003,1.31
20/10/2003,1.32
21/10/2003,1.32
22/10/2003,1.28
23/10/2003,1.3
24/10/2003,1.27
27/10/2003,1.31
28/10/2003,1.25
29/10/2003,1.29
30/10/2003,1.32
31/10/2003,1.31
03/11/2003,1.33
04/11/2003,1.31
05/11/2003,1.35
06/11/2003,1.38
07/11/2003,1.4
10/11/2003,1.39
12/11/2003,1.39
13/11/2003,1.33
14/11/2003,1.31
17/11/2003,1.29
18/11/2003,1.3
19/11/2003,1.32
20/11/2003,1.28
21/11/2003,1.29
24/11/2003,1.33
25/11/2003,1.32
26/11/2003,1.35
28/11/2003,1.39
01/12/2003,1.41
02/12/2003,1.38
03/12/2003,1.39
04/12/2003,1.38
05/12/2003,1.3
08/12/2003,1.33
09/12/2003,1.35
10/12/2003,1.33
11/12/2003,1.27
12/12/2003,1.28
15/12/2003,1.3
16/12/2003,1.28
17/12/2003,1.26
18/12/2003,1.24
19/12/2003,1.25
22/12/2003,1.27
23/12/2003,1.31
24/12/2003,1.28
26/12/2003,1.27
29/12/2003,1.31
30/12/2003,1.28
31/12/2003,1.26
02/01/2004,1.31
05/01/2004,1.35
06/01/2004,1.3
07/01/2004,1.29
08/01/2004,1.29
09/01/2004,1.21
12/01/2004,1.21
13/01/2004,1.18
14/01/2004,1.19
15/01/2004,1.18
16/01/2004,1.21
20/01/2004,1.21
21/01/2004,1.19
22/01/2004,1.19
23/01/2004,1.21
26/01/2004,1.23
27/01/2004,1.21
28/01/2004,1.26
29/01/2004,1.29
30/01/2004,1.28
02/02/2004,1.29
03/02/2004,1.27
04/02/2004,1.27
05/02/2004,1.29
06/02/2004,1.26
09/02/2004,1.25
10/02/2004,1.27
11/02/2004,1.23
12/02/2004,1.24
13/02/2004,1.21
17/02/2004,1.21
18/02/2004,1.23
19/02/2004,1.23
20/02/2004,1.26
23/02/2004,1.22
24/02/2004,1.23
25/02/2004,1.23
26/02/2004,1.23
27/02/2004,1.21
01/03/2004,1.23
02/03/2004,1.26
03/03/2004,1.26
04/03/2004,1.25
05/03/2004,1.16
08/03/2004,1.15
09/03/2004,1.15
10/03/2004,1.17
11/03/2004,1.15
12/03/2004,1.18
15/03/2004,1.18
16/03/2004,1.17
17/03/2004,1.18
18/03/2004,1.17
19/03/2004,1.19
22/03/2004,1.17
23/03/2004,1.17
24/03/2004,1.16
25/03/2004,1.15
26/03/2004,1.19
29/03/2004,1.21
30/03/2004,1.21
31/03/2004,1.2
01/04/2004,1.23
02/04/2004,1.3
05/04/2004,1.34
06/04/2004,1.31
07/04/2004,1.31
08/04/2004,1.32
12/04/2004,1.34
13/04/2004,1.39
14/04/2004,1.48
15/04/2004,1.46
16/04/2004,1.4
19/04/2004,1.43
20/04/2004,1.46
21/04/2004,1.52
22/04/2004,1.49
23/04/2004,1.59
26/04/2004,1.57
27/04/2004,1.53
28/04/2004,1.54
29/04/2004,1.55
30/04/2004,1.55
03/05/2004,1.6
04/05/2004,1.57
05/05/2004,1.56
06/05/2004,1.61
07/05/2004,1.83
10/05/2004,1.85
11/05/2004,1.83
12/05/2004,1.81
13/05/2004,1.84
14/05/2004,1.81
17/05/2004,1.8
18/05/2004,1.83
19/05/2004,1.85
20/05/2004,1.81
21/05/2004,1.84
24/05/2004,1.86
25/05/2004,1.84
26/05/2004,1.81
27/05/2004,1.77
28/05/2004,1.83
01/06/2004,1.89
02/06/2004,1.92
03/06/2004,1.91
04/06/2004,1.97
07/06/2004,1.96
08/06/2004,2.02
09/06/2004,2.14
10/06/2004,2.14
14/06/2004,2.25
15/06/2004,2.16
16/06/2004,2.24
17/06/2004,2.21
18/06/2004,2.24
21/06/2004,2.17
22/06/2004,2.21
23/06/2004,2.15
24/06/2004,2.11
25/06/2004,2.14
28/06/2004,2.3
29/06/2004,2.2
30/06/2004,2.09
01/07/2004,2.07
02/07/2004,2.02
06/07/2004,2.15
07/07/2004,2
08/07/2004,1.99
09/07/2004,2
12/07/2004,2.02
13/07/2004,2.05
14/07/2004,2.08
15/07/2004,2.11
16/07/2004,2.08
19/07/2004,2.1
20/07/2004,2.13
21/07/2004,2.14
22/07/2004,2.12
23/07/2004,2.12
26/07/2004,2.18
27/07/2004,2.19
28/07/2004,2.17
29/07/2004,2.15
30/07/2004,2.13
02/08/2004,2.12
03/08/2004,2.11
04/08/2004,2.11
05/08/2004,2.09
06/08/2004,1.91
09/08/2004,1.97
10/08/2004,2.01
11/08/2004,2
12/08/2004,1.99
13/08/2004,1.97
16/08/2004,2.01
17/08/2004,1.98
18/08/2004,1.97
19/08/2004,1.96
20/08/2004,1.98
23/08/2004,2.03
24/08/2004,2.03
25/08/2004,2.03
26/08/2004,2.02
27/08/2004,2.03
30/08/2004,2.04
31/08/2004,1.99
01/09/2004,1.99
02/09/2004,2.02
03/09/2004,2.12
07/09/2004,2.13
08/09/2004,2.09
09/09/2004,2.09
10/09/2004,2.08
13/09/2004,2.1
14/09/2004,2.08
15/09/2004,2.09
16/09/2004,2.06
17/09/2004,2.11
20/09/2004,2.1
21/09/2004,2.12
22/09/2004,2.12
23/09/2004,2.16
24/09/2004,2.2
27/09/2004,2.2
28/09/2004,2.18
29/09/2004,2.2
30/09/2004,2.21
01/10/2004,2.21
04/10/2004,2.25
05/10/2004,2.23
06/10/2004,2.26
07/10/2004,2.26
08/10/2004,2.21
12/10/2004,2.2
13/10/2004,2.17
14/10/2004,2.15
15/10/2004,2.18
18/10/2004,2.21
19/10/2004,2.22
20/10/2004,2.2
21/10/2004,2.23
22/10/2004,2.23
25/10/2004,2.24
26/10/2004,2.24
27/10/2004,2.3
28/10/2004,2.29
29/10/2004,2.28
01/11/2004,2.34
02/11/2004,2.33
03/11/2004,2.32
04/11/2004,2.34
05/11/2004,2.44
08/11/2004,2.47
09/11/2004,2.46
10/11/2004,2.47
12/11/2004,2.49
15/11/2004,2.53
16/11/2004,2.54
17/11/2004,2.5
18/11/2004,2.51
19/11/2004,2.56
22/11/2004,2.6
23/11/2004,2.6
24/11/2004,2.6
26/11/2004,2.61
29/11/2004,2.66
30/11/2004,2.63
01/12/2004,2.6
02/12/2004,2.62
03/12/2004,2.58
06/12/2004,2.6
07/12/2004,2.6
08/12/2004,2.59
09/12/2004,2.59
10/12/2004,2.61
13/12/2004,2.66
14/12/2004,2.65
15/12/2004,2.64
16/12/2004,2.66
17/12/2004,2.67
20/12/2004,2.72
21/12/2004,2.72
22/12/2004,2.71
23/12/2004,2.7
27/12/2004,2.78
28/12/2004,2.77
29/12/2004,2.77
30/12/2004,2.76
31/12/2004,2.75
03/01/2005,2.79
04/01/2005,2.82
05/01/2005,2.83
06/01/2005,2.82
07/01/2005,2.82
10/01/2005,2.86
11/01/2005,2.86
12/01/2005,2.84
13/01/2005,2.84
14/01/2005,2.87
18/01/2005,2.9
19/01/2005,2.88
20/01/2005,2.85
21/01/2005,2.83
24/01/2005,2.86
25/01/2005,2.88
26/01/2005,2.9
27/01/2005,2.91
28/01/2005,2.89
31/01/2005,2.96
01/02/2005,2.95
02/02/2005,2.95
03/02/2005,2.96
04/02/2005,2.93
07/02/2005,2.96
08/02/2005,2.97
09/02/2005,2.93
10/02/2005,2.96
11/02/2005,3
14/02/2005,3.03
15/02/2005,3.03
16/02/2005,3.05
17/02/2005,3.03
18/02/2005,3.09
22/02/2005,3.12
23/02/2005,3.12
24/02/2005,3.13
25/02/2005,3.15
28/02/2005,3.2
01/03/2005,3.2
02/03/2005,3.19
03/03/2005,3.19
04/03/2005,3.2
07/03/2005,3.22
08/03/2005,3.23
09/03/2005,3.24
10/03/2005,3.25
11/03/2005,3.28
14/03/2005,3.32
15/03/2005,3.32
16/03/2005,3.3
17/03/2005,3.29
18/03/2005,3.32
21/03/2005,3.33
22/03/2005,3.4
23/03/2005,3.38
24/03/2005,3.41
28/03/2005,3.43
29/03/2005,3.41
30/03/2005,3.39
31/03/2005,3.35
01/04/2005,3.34
04/04/2005,3.34
05/04/2005,3.34
06/04/2005,3.31
07/04/2005,3.32
08/04/2005,3.35
11/04/2005,3.37
12/04/2005,3.34
13/04/2005,3.32
14/04/2005,3.3
15/04/2005,3.26
18/04/2005,3.29
19/04/2005,3.26
20/04/2005,3.25
21/04/2005,3.31
22/04/2005,3.3
25/04/2005,3.34
26/04/2005,3.35
27/04/2005,3.33
28/04/2005,3.3
29/04/2005,3.33
02/05/2005,3.34
03/05/2005,3.35
04/05/2005,3.32
05/05/2005,3.29
06/05/2005,3.37
09/05/2005,3.4
10/05/2005,3.37
11/05/2005,3.35
12/05/2005,3.34
13/05/2005,3.29
16/05/2005,3.33
17/05/2005,3.32
18/05/2005,3.29
19/05/2005,3.31
20/05/2005,3.35
23/05/2005,3.35
24/05/2005,3.32
25/05/2005,3.32
26/05/2005,3.31
27/05/2005,3.31
31/05/2005,3.32
01/06/2005,3.25
02/06/2005,3.26
03/06/2005,3.28
06/06/2005,3.3
07/06/2005,3.28
08/06/2005,3.3
09/06/2005,3.31
10/06/2005,3.33
13/06/2005,3.38
14/06/2005,3.39
15/06/2005,3.39
16/06/2005,3.38
17/06/2005,3.39
20/06/2005,3.42
21/06/2005,3.42
22/06/2005,3.37
23/06/2005,3.39
24/06/2005,3.38
27/06/2005,3.42
28/06/2005,3.46
29/06/2005,3.44
30/06/2005,3.45
01/07/2005,3.51
05/07/2005,3.55
06/07/2005,3.53
07/07/2005,3.48
08/07/2005,3.52
11/07/2005,3.58
12/07/2005,3.59
13/07/2005,3.59
14/07/2005,3.6
15/07/2005,3.61
18/07/2005,3.66
19/07/2005,3.65
20/07/2005,3.66
21/07/2005,3.72
22/07/2005,3.72
25/07/2005,3.77
26/07/2005,3.76
27/07/2005,3.77
28/07/2005,3.75
29/07/2005,3.8
01/08/2005,3.83
02/08/2005,3.84
03/08/2005,3.82
04/08/2005,3.83
05/08/2005,3.87
08/08/2005,3.93
09/08/2005,3.9
10/08/2005,3.9
11/08/2005,3.89
12/08/2005,3.88
15/08/2005,3.91
16/08/2005,3.88
17/08/2005,3.89
18/08/2005,3.86
19/08/2005,3.89
22/08/2005,3.89
23/08/2005,3.88
24/08/2005,3.87
25/08/2005,3.87
26/08/2005,3.9
29/08/2005,3.91
30/08/2005,3.85
31/08/2005,3.77
01/09/2005,3.66
02/09/2005,3.67
06/09/2005,3.73
07/09/2005,3.77
08/09/2005,3.77
09/09/2005,3.78
12/09/2005,3.83
13/09/2005,3.81
14/09/2005,3.81
15/09/2005,3.81
16/09/2005,3.86
19/09/2005,3.87
20/09/2005,3.92
21/09/2005,3.88
22/09/2005,3.86
23/09/2005,3.89
26/09/2005,3.95
27/09/2005,3.95
28/09/2005,3.95
29/09/2005,3.97
30/09/2005,4.01
03/10/2005,4.09
04/10/2005,4.09
05/10/2005,4.07
06/10/2005,4.07
07/10/2005,4.06
11/10/2005,4.14
12/10/2005,4.14
13/10/2005,4.14
14/10/2005,4.15
17/10/2005,4.21
18/10/2005,4.19
19/10/2005,4.18
20/10/2005,4.2
21/10/2005,4.18
24/10/2005,4.22
25/10/2005,4.26
26/10/2005,4.27
27/10/2005,4.26
28/10/2005,4.28
31/10/2005,4.31
01/11/2005,4.31
02/11/2005,4.31
03/11/2005,4.33
04/11/2005,4.34
07/11/2005,4.36
08/11/2005,4.34
09/11/2005,4.37
10/11/2005,4.34
14/11/2005,4.4
15/11/2005,4.38
16/11/2005,4.34
17/11/2005,4.32
18/11/2005,4.34
21/11/2005,4.33
22/11/2005,4.26
23/11/2005,4.31
25/11/2005,4.29
28/11/2005,4.32
29/11/2005,4.35
30/11/2005,4.34
01/12/2005,4.36
02/12/2005,4.35
05/12/2005,4.39
06/12/2005,4.36
07/12/2005,4.35
08/12/2005,4.3
09/12/2005,4.33
12/12/2005,4.38
13/12/2005,4.37
14/12/2005,4.32
15/12/2005,4.33
16/12/2005,4.32
19/12/2005,4.38
20/12/2005,4.39
21/12/2005,4.38
22/12/2005,4.35
23/12/2005,4.33
27/12/2005,4.35
28/12/2005,4.34
29/12/2005,4.35
30/12/2005,4.38
03/01/2006,4.38
04/01/2006,4.35
05/01/2006,4.36
06/01/2006,4.38
09/01/2006,4.39
10/01/2006,4.42
11/01/2006,4.44
12/01/2006,4.42
13/01/2006,4.4
17/01/2006,4.42
18/01/2006,4.42
19/01/2006,4.43
20/01/2006,4.44
23/01/2006,4.45
24/01/2006,4.46
25/01/2006,4.51
26/01/2006,4.52
27/01/2006,4.54
30/01/2006,4.59
31/01/2006,4.58
01/02/2006,4.6
02/02/2006,4.61
03/02/2006,4.62
06/02/2006,4.66
07/02/2006,4.65
08/02/2006,4.66
09/02/2006,4.66
10/02/2006,4.7
13/02/2006,4.7
14/02/2006,4.71
15/02/2006,4.7
16/02/2006,4.69
17/02/2006,4.68
21/02/2006,4.73
22/02/2006,4.69
23/02/2006,4.73
24/02/2006,4.73
27/02/2006,4.76
28/02/2006,4.73
01/03/2006,4.74
02/03/2006,4.74
03/03/2006,4.75
06/03/2006,4.77
07/03/2006,4.77
08/03/2006,4.76
09/03/2006,4.76
10/03/2006,4.77
13/03/2006,4.8
14/03/2006,4.75
15/03/2006,4.77
16/03/2006,4.72
17/03/2006,4.74
20/03/2006,4.74
21/03/2006,4.79
22/03/2006,4.78
23/03/2006,4.8
24/03/2006,4.76
27/03/2006,4.77
28/03/2006,4.82
29/03/2006,4.83
30/03/2006,4.84
31/03/2006,4.82
03/04/2006,4.86
04/04/2006,4.85
05/04/2006,4.82
06/04/2006,4.85
07/04/2006,4.86
10/04/2006,4.89
11/04/2006,4.88
12/04/2006,4.91
13/04/2006,4.95
17/04/2006,4.93
18/04/2006,4.88
19/04/2006,4.89
20/04/2006,4.9
21/04/2006,4.9
24/04/2006,4.92
25/04/2006,4.95
26/04/2006,4.98
27/04/2006,4.93
28/04/2006,4.9
01/05/2006,4.97
02/05/2006,4.96
03/05/2006,4.98
04/05/2006,5
05/05/2006,4.98
08/05/2006,5.01
09/05/2006,5.01
10/05/2006,5.02
11/05/2006,4.99
12/05/2006,5
15/05/2006,5.01
16/05/2006,4.98
17/05/2006,4.99
18/05/2006,4.96
19/05/2006,4.98
22/05/2006,4.99
23/05/2006,5
24/05/2006,4.97
25/05/2006,5
26/05/2006,5
30/05/2006,5.02
31/05/2006,5.07
01/06/2006,5.05
02/06/2006,4.98
05/06/2006,5.02
06/06/2006,5.03
07/06/2006,5.05
08/06/2006,5.04
09/06/2006,5.05
12/06/2006,5.09
13/06/2006,5.09
14/06/2006,5.15
15/06/2006,5.15
16/06/2006,5.18
19/06/2006,5.23
20/06/2006,5.23
21/06/2006,5.22
22/06/2006,5.24
23/06/2006,5.27
26/06/2006,5.3
27/06/2006,5.28
28/06/2006,5.3
29/06/2006,5.25
30/06/2006,5.21
03/07/2006,5.26
05/07/2006,5.29
06/07/2006,5.28
07/07/2006,5.25
10/07/2006,5.27
11/07/2006,5.26
12/07/2006,5.26
13/07/2006,5.22
14/07/2006,5.2
17/07/2006,5.24
18/07/2006,5.28
19/07/2006,5.22
20/07/2006,5.18
21/07/2006,5.19
24/07/2006,5.21
25/07/2006,5.21
26/07/2006,5.16
27/07/2006,5.16
28/07/2006,5.1
31/07/2006,5.11
01/08/2006,5.11
02/08/2006,5.11
03/08/2006,5.12
04/08/2006,5.07
07/08/2006,5.12
08/08/2006,5.08
09/08/2006,5.07
10/08/2006,5.08
11/08/2006,5.12
14/08/2006,5.17
15/08/2006,5.11
16/08/2006,5.06
17/08/2006,5.08
18/08/2006,5.08
21/08/2006,5.07
22/08/2006,5.07
23/08/2006,5.07
24/08/2006,5.07
25/08/2006,5.06
28/08/2006,5.08
29/08/2006,5.06
30/08/2006,5.03
31/08/2006,5.01
01/09/2006,4.99
05/09/2006,5.02
06/09/2006,5.02
07/09/2006,5.02
08/09/2006,5
11/09/2006,5.03
12/09/2006,5.02
13/09/2006,4.99
14/09/2006,5.02
15/09/2006,5.03
18/09/2006,5.04
19/09/2006,4.99
20/09/2006,5
21/09/2006,4.93
22/09/2006,4.9
25/09/2006,4.88
26/09/2006,4.91
27/09/2006,4.89
28/09/2006,4.9
29/09/2006,4.91
02/10/2006,4.9
03/10/2006,4.9
04/10/2006,4.87
05/10/2006,4.9
06/10/2006,4.94
10/10/2006,5
11/10/2006,5.02
12/10/2006,5.03
13/10/2006,5.05
16/10/2006,5.05
17/10/2006,5.04
18/10/2006,5.04
19/10/2006,5.05
20/10/2006,5.05
23/10/2006,5.09
24/10/2006,5.1
25/10/2006,5.08
26/10/2006,5.06
27/10/2006,5.02
30/10/2006,5.03
31/10/2006,4.99
01/11/2006,4.95
02/11/2006,4.97
03/11/2006,5.06
06/11/2006,5.06
07/11/2006,5.03
08/11/2006,5.02
09/11/2006,5.02
10/11/2006,5.01
13/11/2006,5.03
14/11/2006,5.01
15/11/2006,5.04
16/11/2006,5.06
17/11/2006,5.02
20/11/2006,5.02
21/11/2006,5.02
22/11/2006,5.01
24/11/2006,5
27/11/2006,5
28/11/2006,4.98
29/11/2006,4.98
30/11/2006,4.94
01/12/2006,4.87
04/12/2006,4.87
05/12/2006,4.86
06/12/2006,4.9
07/12/2006,4.9
08/12/2006,4.95
11/12/2006,4.94
12/12/2006,4.91
13/12/2006,4.95
14/12/2006,4.97
15/12/2006,4.96
18/12/2006,4.97
19/12/2006,4.96
20/12/2006,4.96
21/12/2006,4.93
22/12/2006,4.96
26/12/2006,4.97
27/12/2006,4.99
28/12/2006,5.01
29/12/2006,5
02/01/2007,5
03/01/2007,4.98
04/01/2007,4.95
05/01/2007,4.98
08/01/2007,5.01
09/01/2007,5.02
10/01/2007,5.02
11/01/2007,5.05
12/01/2007,5.06
16/01/2007,5.06
17/01/2007,5.08
18/01/2007,5.07
19/01/2007,5.09
22/01/2007,5.09
23/01/2007,5.1
24/01/2007,5.09
25/01/2007,5.11
26/01/2007,5.12
29/01/2007,5.12
30/01/2007,5.11
31/01/2007,5.09
01/02/2007,5.09
02/02/2007,5.08
05/02/2007,5.08
06/02/2007,5.07
07/02/2007,5.06
08/02/2007,5.06
09/02/2007,5.08
12/02/2007,5.1
13/02/2007,5.1
14/02/2007,5.06
15/02/2007,5.04
16/02/2007,5.05
20/02/2007,5.04
21/02/2007,5.05
22/02/2007,5.07
23/02/2007,5.05
26/02/2007,5.05
27/02/2007,4.93
28/02/2007,4.96
01/03/2007,4.95
02/03/2007,4.9
05/03/2007,4.89
06/03/2007,4.92
07/03/2007,4.9
08/03/2007,4.91
09/03/2007,4.98
12/03/2007,4.96
13/03/2007,4.9
14/03/2007,4.91
15/03/2007,4.93
16/03/2007,4.95
19/03/2007,4.96
20/03/2007,4.94
21/03/2007,4.89
22/03/2007,4.91
23/03/2007,4.93
26/03/2007,4.91
27/03/2007,4.91
28/03/2007,4.9
29/03/2007,4.9
30/03/2007,4.9
02/04/2007,4.92
03/04/2007,4.93
04/04/2007,4.92
05/04/2007,4.93
06/04/2007,4.98
09/04/2007,4.98
10/04/2007,4.97
11/04/2007,4.97
12/04/2007,4.97
13/04/2007,4.98
16/04/2007,4.97
17/04/2007,4.93
18/04/2007,4.91
19/04/2007,4.91
20/04/2007,4.91
23/04/2007,4.9
24/04/2007,4.88
25/04/2007,4.9
26/04/2007,4.92
27/04/2007,4.91
30/04/2007,4.89
01/05/2007,4.89
02/05/2007,4.9
03/05/2007,4.93
04/05/2007,4.91
07/05/2007,4.92
08/05/2007,4.91
09/05/2007,4.9
10/05/2007,4.86
11/05/2007,4.85
14/05/2007,4.87
15/05/2007,4.85
16/05/2007,4.82
17/05/2007,4.86
18/05/2007,4.92
21/05/2007,4.95
22/05/2007,4.96
23/05/2007,4.96
24/05/2007,4.94
25/05/2007,4.93
29/05/2007,4.96
30/05/2007,4.96
31/05/2007,4.95
01/06/2007,4.98
04/06/2007,4.99
05/06/2007,4.99
06/06/2007,4.96
07/06/2007,4.99
08/06/2007,4.96
11/06/2007,4.98
12/06/2007,5.01
13/06/2007,4.98
14/06/2007,4.98
15/06/2007,4.93
18/06/2007,4.95
19/06/2007,4.92
20/06/2007,4.97
21/06/2007,4.96
22/06/2007,4.94
25/06/2007,4.96
26/06/2007,4.97
27/06/2007,4.93
28/06/2007,4.95
29/06/2007,4.91
02/07/2007,4.97
03/07/2007,4.98
05/07/2007,5.02
06/07/2007,5
09/07/2007,5.03
10/07/2007,4.97
11/07/2007,4.99
12/07/2007,5.02
13/07/2007,5.01
16/07/2007,5.01
17/07/2007,5.02
18/07/2007,4.98
19/07/2007,5
20/07/2007,4.96
23/07/2007,5
24/07/2007,4.97
25/07/2007,4.95
26/07/2007,4.83
27/07/2007,4.82
30/07/2007,4.87
31/07/2007,4.85
01/08/2007,4.82
02/08/2007,4.83
03/08/2007,4.76
06/08/2007,4.76
07/08/2007,4.84
08/08/2007,4.89
09/08/2007,4.74
10/08/2007,4.69
13/08/2007,4.75
14/08/2007,4.67
15/08/2007,4.41
16/08/2007,4.18
17/08/2007,4.19
20/08/2007,4.15
21/08/2007,4.07
22/08/2007,4.1
23/08/2007,4.19
24/08/2007,4.31
27/08/2007,4.55
28/08/2007,4.36
29/08/2007,4.24
30/08/2007,4.17
31/08/2007,4.19
04/09/2007,4.39
05/09/2007,4.28
06/09/2007,4.3
07/09/2007,4.1
10/09/2007,4.09
11/09/2007,4.16
12/09/2007,4.12
13/09/2007,4.2
14/09/2007,4.16
17/09/2007,4.23
18/09/2007,4.08
19/09/2007,4.06
20/09/2007,4.1
21/09/2007,4.09
24/09/2007,4.09
25/09/2007,4.04
26/09/2007,4.03
27/09/2007,4.03
28/09/2007,4.05
01/10/2007,4.11
02/10/2007,4.1
03/10/2007,4.11
04/10/2007,4.1
05/10/2007,4.16
09/10/2007,4.23
10/10/2007,4.23
11/10/2007,4.22
12/10/2007,4.28
15/10/2007,4.33
16/10/2007,4.26
17/10/2007,4.11
18/10/2007,4.03
19/10/2007,3.98
22/10/2007,4.05
23/10/2007,4.01
24/10/2007,3.91
25/10/2007,3.93
26/10/2007,3.96
29/10/2007,4
30/10/2007,3.98
31/10/2007,4.04
01/11/2007,3.89
02/11/2007,3.74
05/11/2007,3.86
06/11/2007,3.83
07/11/2007,3.71
08/11/2007,3.61
09/11/2007,3.57
13/11/2007,3.68
14/11/2007,3.65
15/11/2007,3.49
16/11/2007,3.49
19/11/2007,3.43
20/11/2007,3.32
21/11/2007,3.18
23/11/2007,3.28
26/11/2007,3.2
27/11/2007,3.26
28/11/2007,3.31
29/11/2007,3.22
30/11/2007,3.26
03/12/2007,3.15
04/12/2007,3.11
05/12/2007,3.13
06/12/2007,3.2
07/12/2007,3.24
10/12/2007,3.26
11/12/2007,3.09
12/12/2007,3.16
13/12/2007,3.22
14/12/2007,3.28
17/12/2007,3.34
18/12/2007,3.31
19/12/2007,3.26
20/12/2007,3.2
21/12/2007,3.31
24/12/2007,3.46
26/12/2007,3.49
27/12/2007,3.37
28/12/2007,3.34
31/12/2007,3.34
02/01/2008,3.17
03/01/2008,3.13
04/01/2008,3.06
07/01/2008,3.11
08/01/2008,3.09
09/01/2008,3.04
10/01/2008,3.04
11/01/2008,2.91
14/01/2008,2.9
15/01/2008,2.87
16/01/2008,2.86
17/01/2008,2.81
18/01/2008,2.69
22/01/2008,2.29
23/01/2008,2.19
24/01/2008,2.4
25/01/2008,2.34
28/01/2008,2.3
29/01/2008,2.33
30/01/2008,2.3
31/01/2008,2.11
01/02/2008,2.13
04/02/2008,2.17
05/02/2008,2.06
06/02/2008,2.05
07/02/2008,2.08
08/02/2008,2.05
11/02/2008,2.06
12/02/2008,2.06
13/02/2008,2.03
14/02/2008,2.05
15/02/2008,2.02
19/02/2008,2.11
20/02/2008,2.16
21/02/2008,2.05
22/02/2008,2.08
25/02/2008,2.13
26/02/2008,2.07
27/02/2008,2.02
28/02/2008,1.92
29/02/2008,1.77
03/03/2008,1.74
04/03/2008,1.72
05/03/2008,1.72
06/03/2008,1.59
07/03/2008,1.55
10/03/2008,1.46
11/03/2008,1.67
12/03/2008,1.58
13/03/2008,1.54
14/03/2008,1.37
17/03/2008,1.32
18/03/2008,1.4
19/03/2008,1.33
20/03/2008,1.33
24/03/2008,1.68
25/03/2008,1.64
26/03/2008,1.56
27/03/2008,1.57
28/03/2008,1.56
31/03/2008,1.55
01/04/2008,1.62
02/04/2008,1.67
03/04/2008,1.68
04/04/2008,1.63
07/04/2008,1.72
08/04/2008,1.68
09/04/2008,1.6
10/04/2008,1.61
11/04/2008,1.52
14/04/2008,1.53
15/04/2008,1.56
16/04/2008,1.65
17/04/2008,1.77
18/04/2008,1.85
21/04/2008,1.86
22/04/2008,1.84
23/04/2008,1.83
24/04/2008,1.91
25/04/2008,1.97
28/04/2008,1.95
29/04/2008,1.94
30/04/2008,1.85
01/05/2008,1.94
02/05/2008,1.97
05/05/2008,1.98
06/05/2008,1.96
07/05/2008,1.94
08/05/2008,1.91
09/05/2008,1.91
12/05/2008,2.01
13/05/2008,2.08
14/05/2008,2.11
15/05/2008,2.08
16/05/2008,2.09
19/05/2008,2.07
20/05/2008,2.05
21/05/2008,2.07
22/05/2008,2.15
23/05/2008,2.11
27/05/2008,2.15
28/05/2008,2.21
29/05/2008,2.16
30/05/2008,2.22
02/06/2008,2.17
03/06/2008,2.14
04/06/2008,2.14
05/06/2008,2.15
06/06/2008,2.12
09/06/2008,2.29
10/06/2008,2.53
11/06/2008,2.47
12/06/2008,2.62
13/06/2008,2.64
16/06/2008,2.68
17/06/2008,2.58
18/06/2008,2.53
19/06/2008,2.58
20/06/2008,2.49
23/06/2008,2.57
24/06/2008,2.53
25/06/2008,2.48
26/06/2008,2.39
27/06/2008,2.35
30/06/2008,2.36
01/07/2008,2.38
02/07/2008,2.35
03/07/2008,2.3
07/07/2008,2.26
08/07/2008,2.26
09/07/2008,2.21
10/07/2008,2.2
11/07/2008,2.3
14/07/2008,2.23
15/07/2008,2.15
16/07/2008,2.16
17/07/2008,2.26
18/07/2008,2.26
21/07/2008,2.3
22/07/2008,2.33
23/07/2008,2.4
24/07/2008,2.26
25/07/2008,2.35
28/07/2008,2.28
29/07/2008,2.36
30/07/2008,2.33
31/07/2008,2.27
01/08/2008,2.25
04/08/2008,2.27
05/08/2008,2.26
06/08/2008,2.26
07/08/2008,2.17
08/08/2008,2.19
11/08/2008,2.27
12/08/2008,2.18
13/08/2008,2.19
14/08/2008,2.14
15/08/2008,2.12
18/08/2008,2.15
19/08/2008,2.11
20/08/2008,2.06
21/08/2008,2.1
22/08/2008,2.17
25/08/2008,2.12
26/08/2008,2.19
27/08/2008,2.16
28/08/2008,2.19
29/08/2008,2.17
02/09/2008,2.12
03/09/2008,2.08
04/09/2008,2.04
05/09/2008,2.07
08/09/2008,2.12
09/09/2008,2.06
10/09/2008,2.06
11/09/2008,2.01
12/09/2008,2.02
15/09/2008,1.66
16/09/2008,1.72
17/09/2008,1.5
18/09/2008,1.53
19/09/2008,2.05
22/09/2008,2.06
23/09/2008,2.01
24/09/2008,1.9
25/09/2008,1.97
26/09/2008,1.81
29/09/2008,1.6
30/09/2008,1.78
01/10/2008,1.72
02/10/2008,1.45
03/10/2008,1.41
06/10/2008,1.23
07/10/2008,1.27
08/10/2008,1.28
09/10/2008,1.33
10/10/2008,1.08
14/10/2008,1.22
15/10/2008,1.14
16/10/2008,1.29
17/10/2008,1.34
20/10/2008,1.69
21/10/2008,1.74
22/10/2008,1.64
23/10/2008,1.61
24/10/2008,1.6
27/10/2008,1.57
28/10/2008,1.53
29/10/2008,1.41
30/10/2008,1.36
31/10/2008,1.34
03/11/2008,1.31
04/11/2008,1.28
05/11/2008,1.22
06/11/2008,1.17
07/11/2008,1.2
10/11/2008,1.16
12/11/2008,1.03
13/11/2008,1.16
14/11/2008,1.14
17/11/2008,1.08
18/11/2008,1.05
19/11/2008,0.97
20/11/2008,0.87
21/11/2008,0.83
24/11/2008,0.95
25/11/2008,0.95
26/11/2008,0.93
28/11/2008,0.9
01/12/2008,0.81
02/12/2008,0.77
03/12/2008,0.7
04/12/2008,0.61
05/12/2008,0.54
08/12/2008,0.53
09/12/2008,0.49
10/12/2008,0.49
11/12/2008,0.51
12/12/2008,0.5
15/12/2008,0.5
16/12/2008,0.45
17/12/2008,0.45
18/12/2008,0.43
19/12/2008,0.44
22/12/2008,0.4
23/12/2008,0.41
24/12/2008,0.4
26/12/2008,0.38
29/12/2008,0.36
30/12/2008,0.34
31/12/2008,0.37
02/01/2009,0.4
05/01/2009,0.43
06/01/2009,0.45
07/01/2009,0.44
08/01/2009,0.44
09/01/2009,0.43
12/01/2009,0.43
13/01/2009,0.43
14/01/2009,0.42
15/01/2009,0.42
16/01/2009,0.43
20/01/2009,0.42
21/01/2009,0.43
22/01/2009,0.42
23/01/2009,0.46
26/01/2009,0.47
27/01/2009,0.47
28/01/2009,0.48
29/01/2009,0.51
30/01/2009,0.51
02/02/2009,0.51
03/02/2009,0.53
04/02/2009,0.53
05/02/2009,0.54
06/02/2009,0.57
09/02/2009,0.6
10/02/2009,0.6
11/02/2009,0.6
12/02/2009,0.58
13/02/2009,0.61
17/02/2009,0.61
18/02/2009,0.64
19/02/2009,0.67
20/02/2009,0.64
23/02/2009,0.69
24/02/2009,0.71
25/02/2009,0.75
26/02/2009,0.73
27/02/2009,0.72
02/03/2009,0.67
03/03/2009,0.68
04/03/2009,0.71
05/03/2009,0.66
06/03/2009,0.67
09/03/2009,0.69
10/03/2009,0.71
11/03/2009,0.71
12/03/2009,0.7
13/03/2009,0.67
16/03/2009,0.69
17/03/2009,0.69
18/03/2009,0.6
19/03/2009,0.6
20/03/2009,0.6
23/03/2009,0.6
24/03/2009,0.62
25/03/2009,0.6
26/03/2009,0.57
27/03/2009,0.58
30/03/2009,0.58
31/03/2009,0.57
01/04/2009,0.58
02/04/2009,0.59
03/04/2009,0.6
06/04/2009,0.6
07/04/2009,0.6
08/04/2009,0.59
09/04/2009,0.6
13/04/2009,0.57
14/04/2009,0.54
15/04/2009,0.54
16/04/2009,0.54
17/04/2009,0.57
20/04/2009,0.54
21/04/2009,0.53
22/04/2009,0.52
23/04/2009,0.49
24/04/2009,0.5
27/04/2009,0.49
28/04/2009,0.52
29/04/2009,0.5
30/04/2009,0.49
01/05/2009,0.49
04/05/2009,0.52
05/05/2009,0.53
06/05/2009,0.51
07/05/2009,0.54
08/05/2009,0.55
11/05/2009,0.53
12/05/2009,0.54
13/05/2009,0.52
14/05/2009,0.5
15/05/2009,0.5
18/05/2009,0.5
19/05/2009,0.48
20/05/2009,0.44
21/05/2009,0.45
22/05/2009,0.49
26/05/2009,0.5
27/05/2009,0.49
28/05/2009,0.48
29/05/2009,0.47
01/06/2009,0.48
02/06/2009,0.46
03/06/2009,0.45
04/06/2009,0.47
05/06/2009,0.62
08/06/2009,0.62
09/06/2009,0.56
10/06/2009,0.55
11/06/2009,0.53
12/06/2009,0.52
15/06/2009,0.51
16/06/2009,0.51
17/06/2009,0.5
18/06/2009,0.52
19/06/2009,0.51
22/06/2009,0.5
23/06/2009,0.5
24/06/2009,0.5
25/06/2009,0.47
26/06/2009,0.45
29/06/2009,0.51
30/06/2009,0.56
01/07/2009,0.54
02/07/2009,0.49
06/07/2009,0.48
07/07/2009,0.46
08/07/2009,0.45
09/07/2009,0.47
10/07/2009,0.45
13/07/2009,0.47
14/07/2009,0.47
15/07/2009,0.5
16/07/2009,0.47
17/07/2009,0.48
20/07/2009,0.47
21/07/2009,0.46
22/07/2009,0.47
23/07/2009,0.49
24/07/2009,0.47
27/07/2009,0.49
28/07/2009,0.49
29/07/2009,0.5
30/07/2009,0.48
31/07/2009,0.48
03/08/2009,0.48
04/08/2009,0.47
05/08/2009,0.49
06/08/2009,0.48
07/08/2009,0.52
10/08/2009,0.49
11/08/2009,0.48
12/08/2009,0.47
13/08/2009,0.45
14/08/2009,0.44
17/08/2009,0.45
18/08/2009,0.43
19/08/2009,0.43
20/08/2009,0.42
21/08/2009,0.45
24/08/2009,0.44
25/08/2009,0.47
26/08/2009,0.45
27/08/2009,0.46
28/08/2009,0.44
31/08/2009,0.43
01/09/2009,0.43
02/09/2009,0.41
03/09/2009,0.42
04/09/2009,0.42
08/09/2009,0.41
09/09/2009,0.4
10/09/2009,0.4
11/09/2009,0.39
14/09/2009,0.4
15/09/2009,0.39
16/09/2009,0.38
17/09/2009,0.4
18/09/2009,0.41
21/09/2009,0.4
22/09/2009,0.42
23/09/2009,0.41
24/09/2009,0.39
25/09/2009,0.41
28/09/2009,0.4
29/09/2009,0.41
30/09/2009,0.4
01/10/2009,0.37
02/10/2009,0.37
05/10/2009,0.36
06/10/2009,0.37
07/10/2009,0.34
08/10/2009,0.35
09/10/2009,0.38
13/10/2009,0.35
14/10/2009,0.35
15/10/2009,0.36
16/10/2009,0.36
19/10/2009,0.38
20/10/2009,0.39
21/10/2009,0.4
22/10/2009,0.38
23/10/2009,0.4
26/10/2009,0.41
27/10/2009,0.39
28/10/2009,0.39
29/10/2009,0.4
30/10/2009,0.37
02/11/2009,0.38
03/11/2009,0.38
04/11/2009,0.36
05/11/2009,0.36
06/11/2009,0.34
09/11/2009,0.34
10/11/2009,0.33
12/11/2009,0.32
13/11/2009,0.32
16/11/2009,0.31
17/11/2009,0.32
18/11/2009,0.29
19/11/2009,0.27
20/11/2009,0.27
23/11/2009,0.29
24/11/2009,0.28
25/11/2009,0.26
27/11/2009,0.26
30/11/2009,0.27
01/12/2009,0.26
02/12/2009,0.28
03/12/2009,0.3
04/12/2009,0.36
07/12/2009,0.32
08/12/2009,0.29
09/12/2009,0.31
10/12/2009,0.32
11/12/2009,0.35
14/12/2009,0.37
15/12/2009,0.41
16/12/2009,0.38
17/12/2009,0.35
18/12/2009,0.36
21/12/2009,0.4
22/12/2009,0.41
23/12/2009,0.41
24/12/2009,0.43
28/12/2009,0.47
29/12/2009,0.47
30/12/2009,0.45
31/12/2009,0.47
04/01/2010,0.45
05/01/2010,0.41
06/01/2010,0.4
07/01/2010,0.4
08/01/2010,0.37
11/01/2010,0.35
12/01/2010,0.34
13/01/2010,0.37
14/01/2010,0.34
15/01/2010,0.33
19/01/2010,0.33
20/01/2010,0.31
21/01/2010,0.31
22/01/2010,0.3
25/01/2010,0.3
26/01/2010,0.32
27/01/2010,0.33
28/01/2010,0.31
29/01/2010,0.3
01/02/2010,0.33
02/02/2010,0.33
03/02/2010,0.35
04/02/2010,0.32
05/02/2010,0.31
08/02/2010,0.32
09/02/2010,0.34
10/02/2010,0.38
11/02/2010,0.38
12/02/2010,0.35
16/02/2010,0.34
17/02/2010,0.35
18/02/2010,0.37
19/02/2010,0.39
22/02/2010,0.37
23/02/2010,0.36
24/02/2010,0.34
25/02/2010,0.32
26/02/2010,0.32
01/03/2010,0.32
02/03/2010,0.32
03/03/2010,0.33
04/03/2010,0.35
05/03/2010,0.38
08/03/2010,0.39
09/03/2010,0.37
10/03/2010,0.39
11/03/2010,0.4
12/03/2010,0.41
15/03/2010,0.4
16/03/2010,0.41
17/03/2010,0.41
18/03/2010,0.41
19/03/2010,0.42
22/03/2010,0.41
23/03/2010,0.4
24/03/2010,0.44
25/03/2010,0.44
26/03/2010,0.43
29/03/2010,0.42
30/03/2010,0.44
31/03/2010,0.41
01/04/2010,0.42
02/04/2010,0.46
05/04/2010,0.48
06/04/2010,0.49
07/04/2010,0.47
08/04/2010,0.46
09/04/2010,0.46
12/04/2010,0.46
13/04/2010,0.45
14/04/2010,0.45
15/04/2010,0.43
16/04/2010,0.41
19/04/2010,0.43
20/04/2010,0.42
21/04/2010,0.44
22/04/2010,0.45
23/04/2010,0.46
26/04/2010,0.47
27/04/2010,0.42
28/04/2010,0.43
29/04/2010,0.42
30/04/2010,0.41
03/05/2010,0.43
04/05/2010,0.43
05/05/2010,0.39
06/05/2010,0.34
07/05/2010,0.38
10/05/2010,0.39
11/05/2010,0.38
12/05/2010,0.4
13/05/2010,0.4
14/05/2010,0.34
17/05/2010,0.36
18/05/2010,0.35
19/05/2010,0.35
20/05/2010,0.34
21/05/2010,0.35
24/05/2010,0.35
25/05/2010,0.36
26/05/2010,0.37
27/05/2010,0.37
28/05/2010,0.34
01/06/2010,0.35
02/06/2010,0.38
03/06/2010,0.38
04/06/2010,0.34
07/06/2010,0.35
08/06/2010,0.34
09/06/2010,0.33
10/06/2010,0.34
11/06/2010,0.3
14/06/2010,0.31
15/06/2010,0.31
16/06/2010,0.3
17/06/2010,0.28
18/06/2010,0.3
21/06/2010,0.29
22/06/2010,0.29
23/06/2010,0.3
24/06/2010,0.29
25/06/2010,0.29
28/06/2010,0.3
29/06/2010,0.31
30/06/2010,0.32
01/07/2010,0.32
02/07/2010,0.31
06/07/2010,0.32
07/07/2010,0.31
08/07/2010,0.3
09/07/2010,0.3
12/07/2010,0.3
13/07/2010,0.3
14/07/2010,0.27
15/07/2010,0.27
16/07/2010,0.28
19/07/2010,0.28
20/07/2010,0.27
21/07/2010,0.27
22/07/2010,0.27
23/07/2010,0.27
26/07/2010,0.29
27/07/2010,0.3
28/07/2010,0.3
29/07/2010,0.3
30/07/2010,0.29
02/08/2010,0.28
03/08/2010,0.27
04/08/2010,0.28
05/08/2010,0.27
06/08/2010,0.25
09/08/2010,0.26
10/08/2010,0.25
11/08/2010,0.25
12/08/2010,0.25
13/08/2010,0.26
16/08/2010,0.25
17/08/2010,0.26
18/08/2010,0.25
19/08/2010,0.25
20/08/2010,0.26
23/08/2010,0.25
24/08/2010,0.27
25/08/2010,0.26
26/08/2010,0.25
27/08/2010,0.27
30/08/2010,0.26
31/08/2010,0.25
01/09/2010,0.25
02/09/2010,0.25
03/09/2010,0.25
07/09/2010,0.25
08/09/2010,0.24
09/09/2010,0.26
10/09/2010,0.27
13/09/2010,0.26
14/09/2010,0.26
15/09/2010,0.26
16/09/2010,0.25
17/09/2010,0.26
20/09/2010,0.26
21/09/2010,0.26
22/09/2010,0.25
23/09/2010,0.25
24/09/2010,0.25
27/09/2010,0.26
28/09/2010,0.26
29/09/2010,0.27
30/09/2010,0.27
01/10/2010,0.26
04/10/2010,0.26
05/10/2010,0.25
06/10/2010,0.24
07/10/2010,0.23
08/10/2010,0.21
12/10/2010,0.21
13/10/2010,0.22
14/10/2010,0.22
15/10/2010,0.22
18/10/2010,0.23
19/10/2010,0.22
20/10/2010,0.22
21/10/2010,0.22
22/10/2010,0.21
25/10/2010,0.23
26/10/2010,0.23
27/10/2010,0.23
28/10/2010,0.23
29/10/2010,0.22
01/11/2010,0.22
02/11/2010,0.22
03/11/2010,0.22
04/11/2010,0.21
05/11/2010,0.22
08/11/2010,0.22
09/11/2010,0.24
10/11/2010,0.24
12/11/2010,0.27
15/11/2010,0.29
16/11/2010,0.27
17/11/2010,0.26
18/11/2010,0.26
19/11/2010,0.27
22/11/2010,0.26
23/11/2010,0.26
24/11/2010,0.28
26/11/2010,0.28
29/11/2010,0.28
30/11/2010,0.27
01/12/2010,0.28
02/12/2010,0.29
03/12/2010,0.26
06/12/2010,0.26
07/12/2010,0.28
08/12/2010,0.3
09/12/2010,0.3
10/12/2010,0.29
13/12/2010,0.29
14/12/2010,0.3
15/12/2010,0.3
16/12/2010,0.31
17/12/2010,0.3
20/12/2010,0.3
21/12/2010,0.3
22/12/2010,0.3
23/12/2010,0.3
27/12/2010,0.32
28/12/2010,0.31
29/12/2010,0.3
30/12/2010,0.29
31/12/2010,0.29
03/01/2011,0.29
04/01/2011,0.28
05/01/2011,0.31
06/01/2011,0.3
07/01/2011,0.29
10/01/2011,0.29
11/01/2011,0.28
12/01/2011,0.26
13/01/2011,0.26
14/01/2011,0.27
18/01/2011,0.26
19/01/2011,0.27
20/01/2011,0.27
21/01/2011,0.27
24/01/2011,0.28
25/01/2011,0.27
26/01/2011,0.27
27/01/2011,0.25
28/01/2011,0.24
31/01/2011,0.26
01/02/2011,0.27
02/02/2011,0.28
03/02/2011,0.29
04/02/2011,0.31
07/02/2011,0.31
08/02/2011,0.31
09/02/2011,0.3
10/02/2011,0.3
11/02/2011,0.3
14/02/2011,0.3
15/02/2011,0.3
16/02/2011,0.29
17/02/2011,0.27
18/02/2011,0.28
22/02/2011,0.28
23/02/2011,0.27
24/02/2011,0.26
25/02/2011,0.27
28/02/2011,0.25
01/03/2011,0.25
02/03/2011,0.26
03/03/2011,0.29
04/03/2011,0.26
07/03/2011,0.25
08/03/2011,0.26
09/03/2011,0.26
10/03/2011,0.25
11/03/2011,0.24
14/03/2011,0.22
15/03/2011,0.23
16/03/2011,0.21
17/03/2011,0.24
18/03/2011,0.23
21/03/2011,0.25
22/03/2011,0.25
23/03/2011,0.24
24/03/2011,0.26
25/03/2011,0.3
28/03/2011,0.3
29/03/2011,0.31
30/03/2011,0.3
31/03/2011,0.3
01/04/2011,0.27
04/04/2011,0.24
05/04/2011,0.3
06/04/2011,0.29
07/04/2011,0.27
08/04/2011,0.27
11/04/2011,0.26
12/04/2011,0.24
13/04/2011,0.23
14/04/2011,0.25
15/04/2011,0.24
18/04/2011,0.24
19/04/2011,0.24
20/04/2011,0.24
21/04/2011,0.23
25/04/2011,0.23
26/04/2011,0.22
27/04/2011,0.22
28/04/2011,0.23
29/04/2011,0.22
02/05/2011,0.22
03/05/2011,0.2
04/05/2011,0.19
05/05/2011,0.2
06/05/2011,0.18
09/05/2011,0.17
10/05/2011,0.19
11/05/2011,0.18
12/05/2011,0.18
13/05/2011,0.19
16/05/2011,0.18
17/05/2011,0.19
18/05/2011,0.19
19/05/2011,0.19
20/05/2011,0.18
23/05/2011,0.2
24/05/2011,0.2
25/05/2011,0.18
26/05/2011,0.18
27/05/2011,0.18
31/05/2011,0.18
01/06/2011,0.18
02/06/2011,0.19
03/06/2011,0.18
06/06/2011,0.18
07/06/2011,0.18
08/06/2011,0.18
09/06/2011,0.19
10/06/2011,0.19
13/06/2011,0.18
14/06/2011,0.19
15/06/2011,0.19
16/06/2011,0.18
17/06/2011,0.17
20/06/2011,0.18
21/06/2011,0.18
22/06/2011,0.16
23/06/2011,0.15
24/06/2011,0.16
27/06/2011,0.18
28/06/2011,0.21
29/06/2011,0.19
30/06/2011,0.19
01/07/2011,0.2
05/07/2011,0.19
06/07/2011,0.19
07/07/2011,0.2
08/07/2011,0.17
11/07/2011,0.17
12/07/2011,0.18
13/07/2011,0.16
14/07/2011,0.15
15/07/2011,0.15
18/07/2011,0.15
19/07/2011,0.17
20/07/2011,0.19
21/07/2011,0.2
22/07/2011,0.2
25/07/2011,0.2
26/07/2011,0.21
27/07/2011,0.21
28/07/2011,0.21
29/07/2011,0.2
01/08/2011,0.22
02/08/2011,0.17
03/08/2011,0.16
04/08/2011,0.12
05/08/2011,0.11
08/08/2011,0.12
09/08/2011,0.11
10/08/2011,0.09
11/08/2011,0.1
12/08/2011,0.11
15/08/2011,0.12
16/08/2011,0.12
17/08/2011,0.12
18/08/2011,0.1
19/08/2011,0.1
22/08/2011,0.09
23/08/2011,0.1
24/08/2011,0.11
25/08/2011,0.1
26/08/2011,0.09
29/08/2011,0.09
30/08/2011,0.09
31/08/2011,0.1
01/09/2011,0.1
02/09/2011,0.1
06/09/2011,0.13
07/09/2011,0.11
08/09/2011,0.12
09/09/2011,0.11
12/09/2011,0.11
13/09/2011,0.1
14/09/2011,0.09
15/09/2011,0.1
16/09/2011,0.09
19/09/2011,0.08
20/09/2011,0.09
21/09/2011,0.11
22/09/2011,0.1
23/09/2011,0.1
26/09/2011,0.1
27/09/2011,0.1
28/09/2011,0.12
29/09/2011,0.11
30/09/2011,0.13
03/10/2011,0.12
04/10/2011,0.11
05/10/2011,0.1
06/10/2011,0.09
07/10/2011,0.11
11/10/2011,0.12
12/10/2011,0.09
13/10/2011,0.11
14/10/2011,0.11
17/10/2011,0.12
18/10/2011,0.12
19/10/2011,0.11
20/10/2011,0.12
21/10/2011,0.12
24/10/2011,0.11
25/10/2011,0.11
26/10/2011,0.13
27/10/2011,0.14
28/10/2011,0.13
31/10/2011,0.12
01/11/2011,0.13
02/11/2011,0.11
03/11/2011,0.11
04/11/2011,0.11
07/11/2011,0.09
08/11/2011,0.1
09/11/2011,0.1
10/11/2011,0.1
14/11/2011,0.09
15/11/2011,0.11
16/11/2011,0.11
17/11/2011,0.1
18/11/2011,0.12
21/11/2011,0.11
22/11/2011,0.11
23/11/2011,0.12
25/11/2011,0.13
28/11/2011,0.13
29/11/2011,0.14
30/11/2011,0.12
01/12/2011,0.12
02/12/2011,0.12
05/12/2011,0.11
06/12/2011,0.11
07/12/2011,0.11
08/12/2011,0.1
09/12/2011,0.11
12/12/2011,0.1
13/12/2011,0.11
14/12/2011,0.12
15/12/2011,0.12
16/12/2011,0.11
19/12/2011,0.11
20/12/2011,0.12
21/12/2011,0.13
22/12/2011,0.12
23/12/2011,0.12
27/12/2011,0.12
28/12/2011,0.12
29/12/2011,0.12
30/12/2011,0.12
03/01/2012,0.12
04/01/2012,0.12
05/01/2012,0.11
06/01/2012,0.12
09/01/2012,0.11
10/01/2012,0.11
11/01/2012,0.11
12/01/2012,0.11
13/01/2012,0.1
17/01/2012,0.11
18/01/2012,0.11
19/01/2012,0.11
20/01/2012,0.11
23/01/2012,0.12
24/01/2012,0.12
25/01/2012,0.12
26/01/2012,0.12
27/01/2012,0.12
30/01/2012,0.12
31/01/2012,0.13
01/02/2012,0.13
02/02/2012,0.14
03/02/2012,0.14
06/02/2012,0.14
07/02/2012,0.14
08/02/2012,0.15
09/02/2012,0.15
10/02/2012,0.15
13/02/2012,0.15
14/02/2012,0.18
15/02/2012,0.18
16/02/2012,0.17
17/02/2012,0.18
21/02/2012,0.17
22/02/2012,0.17
23/02/2012,0.17
24/02/2012,0.18
27/02/2012,0.17
28/02/2012,0.18
29/02/2012,0.18
01/03/2012,0.18
02/03/2012,0.17
05/03/2012,0.17
06/03/2012,0.17
07/03/2012,0.18
08/03/2012,0.18
09/03/2012,0.18
12/03/2012,0.18
13/03/2012,0.2
14/03/2012,0.21
15/03/2012,0.21
16/03/2012,0.21
19/03/2012,0.21
20/03/2012,0.22
21/03/2012,0.21
22/03/2012,0.19
23/03/2012,0.19
26/03/2012,0.19
27/03/2012,0.18
28/03/2012,0.18
29/03/2012,0.18
30/03/2012,0.19
02/04/2012,0.18
03/04/2012,0.2
04/04/2012,0.19
05/04/2012,0.19
06/04/2012,0.19
09/04/2012,0.19
10/04/2012,0.19
11/04/2012,0.18
12/04/2012,0.18
13/04/2012,0.17
16/04/2012,0.18
17/04/2012,0.18
18/04/2012,0.18
19/04/2012,0.17
20/04/2012,0.18
23/04/2012,0.17
24/04/2012,0.18
25/04/2012,0.18
26/04/2012,0.18
27/04/2012,0.19
30/04/2012,0.2
01/05/2012,0.19
02/05/2012,0.18
03/05/2012,0.19
04/05/2012,0.18
07/05/2012,0.18
08/05/2012,0.18
09/05/2012,0.18
10/05/2012,0.18
11/05/2012,0.18
14/05/2012,0.19
15/05/2012,0.19
16/05/2012,0.2
17/05/2012,0.2
18/05/2012,0.2
21/05/2012,0.21
22/05/2012,0.21
23/05/2012,0.2
24/05/2012,0.21
25/05/2012,0.2
29/05/2012,0.2
30/05/2012,0.19
31/05/2012,0.18
01/06/2012,0.17
04/06/2012,0.18
05/06/2012,0.18
06/06/2012,0.18
07/06/2012,0.18
08/06/2012,0.19
11/06/2012,0.18
12/06/2012,0.19
13/06/2012,0.18
14/06/2012,0.18
15/06/2012,0.18
18/06/2012,0.18
19/06/2012,0.18
20/06/2012,0.2
21/06/2012,0.19
22/06/2012,0.19
25/06/2012,0.19
26/06/2012,0.21
27/06/2012,0.21
28/06/2012,0.22
29/06/2012,0.21
02/07/2012,0.21
03/07/2012,0.21
05/07/2012,0.19
06/07/2012,0.2
09/07/2012,0.2
10/07/2012,0.2
11/07/2012,0.2
12/07/2012,0.2
13/07/2012,0.2
16/07/2012,0.18
17/07/2012,0.18
18/07/2012,0.18
19/07/2012,0.17
20/07/2012,0.17
23/07/2012,0.17
24/07/2012,0.18
25/07/2012,0.17
26/07/2012,0.18
27/07/2012,0.17
30/07/2012,0.18
31/07/2012,0.16
01/08/2012,0.17
02/08/2012,0.17
03/08/2012,0.16
06/08/2012,0.16
07/08/2012,0.19
08/08/2012,0.19
09/08/2012,0.2
10/08/2012,0.18
13/08/2012,0.19
14/08/2012,0.19
15/08/2012,0.19
16/08/2012,0.2
17/08/2012,0.2
20/08/2012,0.19
21/08/2012,0.2
22/08/2012,0.19
23/08/2012,0.19
24/08/2012,0.19
27/08/2012,0.18
28/08/2012,0.18
29/08/2012,0.18
30/08/2012,0.17
31/08/2012,0.16
04/09/2012,0.16
05/09/2012,0.17
06/09/2012,0.18
07/09/2012,0.18
10/09/2012,0.18
11/09/2012,0.18
12/09/2012,0.18
13/09/2012,0.17
14/09/2012,0.18
17/09/2012,0.18
18/09/2012,0.18
19/09/2012,0.18
20/09/2012,0.18
21/09/2012,0.18
24/09/2012,0.18
25/09/2012,0.18
26/09/2012,0.17
27/09/2012,0.16
28/09/2012,0.17
01/10/2012,0.17
02/10/2012,0.16
03/10/2012,0.16
04/10/2012,0.18
05/10/2012,0.18
09/10/2012,0.18
10/10/2012,0.18
11/10/2012,0.18
12/10/2012,0.18
15/10/2012,0.19
16/10/2012,0.18
17/10/2012,0.18
18/10/2012,0.18
19/10/2012,0.18
22/10/2012,0.19
23/10/2012,0.18
24/10/2012,0.18
25/10/2012,0.19
26/10/2012,0.19
29/10/2012,0.18
31/10/2012,0.18
01/11/2012,0.18
02/11/2012,0.19
05/11/2012,0.19
06/11/2012,0.19
07/11/2012,0.18
08/11/2012,0.2
09/11/2012,0.18
13/11/2012,0.18
14/11/2012,0.18
15/11/2012,0.17
16/11/2012,0.16
19/11/2012,0.16
20/11/2012,0.16
21/11/2012,0.17
23/11/2012,0.19
26/11/2012,0.17
27/11/2012,0.18
28/11/2012,0.18
29/11/2012,0.18
30/11/2012,0.18
03/12/2012,0.18
04/12/2012,0.18
05/12/2012,0.18
06/12/2012,0.18
07/12/2012,0.18
10/12/2012,0.18
11/12/2012,0.16
12/12/2012,0.14
13/12/2012,0.14
14/12/2012,0.13
17/12/2012,0.13
18/12/2012,0.16
19/12/2012,0.15
20/12/2012,0.15
21/12/2012,0.15
24/12/2012,0.16
26/12/2012,0.16
27/12/2012,0.15
28/12/2012,0.15
31/12/2012,0.16
02/01/2013,0.15
03/01/2013,0.15
04/01/2013,0.15
07/01/2013,0.15
08/01/2013,0.14
09/01/2013,0.13
10/01/2013,0.14
11/01/2013,0.14
14/01/2013,0.14
15/01/2013,0.14
16/01/2013,0.14
17/01/2013,0.14
18/01/2013,0.14
22/01/2013,0.14
23/01/2013,0.15
24/01/2013,0.15
25/01/2013,0.15
28/01/2013,0.16
29/01/2013,0.15
30/01/2013,0.15
31/01/2013,0.15
01/02/2013,0.15
04/02/2013,0.15
05/02/2013,0.15
06/02/2013,0.15
07/02/2013,0.15
08/02/2013,0.14
11/02/2013,0.15
12/02/2013,0.14
13/02/2013,0.15
14/02/2013,0.16
15/02/2013,0.17
19/02/2013,0.17
20/02/2013,0.17
21/02/2013,0.16
22/02/2013,0.16
25/02/2013,0.16
26/02/2013,0.17
27/02/2013,0.17
28/02/2013,0.17
01/03/2013,0.16
04/03/2013,0.16
05/03/2013,0.15
06/03/2013,0.15
07/03/2013,0.15
08/03/2013,0.15
11/03/2013,0.15
12/03/2013,0.15
13/03/2013,0.15
14/03/2013,0.15
15/03/2013,0.14
18/03/2013,0.15
19/03/2013,0.15
20/03/2013,0.15
21/03/2013,0.14
22/03/2013,0.14
25/03/2013,0.14
26/03/2013,0.14
27/03/2013,0.14
28/03/2013,0.14
01/04/2013,0.14
02/04/2013,0.14
03/04/2013,0.13
04/04/2013,0.13
05/04/2013,0.13
08/04/2013,0.13
09/04/2013,0.13
10/04/2013,0.12
11/04/2013,0.12
12/04/2013,0.11
15/04/2013,0.12
16/04/2013,0.13
17/04/2013,0.13
18/04/2013,0.12
19/04/2013,0.12
22/04/2013,0.12
23/04/2013,0.12
24/04/2013,0.13
25/04/2013,0.12
26/04/2013,0.12
29/04/2013,0.12
30/04/2013,0.11
01/05/2013,0.11
02/05/2013,0.11
03/05/2013,0.11
06/05/2013,0.11
07/05/2013,0.1
08/05/2013,0.11
09/05/2013,0.11
10/05/2013,0.11
13/05/2013,0.13
14/05/2013,0.12
15/05/2013,0.12
16/05/2013,0.12
17/05/2013,0.12
20/05/2013,0.12
21/05/2013,0.12
22/05/2013,0.11
23/05/2013,0.12
24/05/2013,0.12
28/05/2013,0.13
29/05/2013,0.14
30/05/2013,0.13
31/05/2013,0.14
03/06/2013,0.14
04/06/2013,0.14
05/06/2013,0.14
06/06/2013,0.14
07/06/2013,0.14
10/06/2013,0.14
11/06/2013,0.14
12/06/2013,0.14
13/06/2013,0.14
14/06/2013,0.13
17/06/2013,0.13
18/06/2013,0.13
19/06/2013,0.13
20/06/2013,0.14
21/06/2013,0.13
24/06/2013,0.16
25/06/2013,0.17
26/06/2013,0.16
27/06/2013,0.15
28/06/2013,0.15
01/07/2013,0.15
02/07/2013,0.14
03/07/2013,0.14
05/07/2013,0.15
08/07/2013,0.14
09/07/2013,0.14
10/07/2013,0.13
11/07/2013,0.13
12/07/2013,0.12
15/07/2013,0.11
16/07/2013,0.1
17/07/2013,0.11
18/07/2013,0.11
19/07/2013,0.11
22/07/2013,0.1
23/07/2013,0.12
24/07/2013,0.12
25/07/2013,0.12
26/07/2013,0.11
29/07/2013,0.11
30/07/2013,0.11
31/07/2013,0.11
01/08/2013,0.13
02/08/2013,0.11
05/08/2013,0.12
06/08/2013,0.12
07/08/2013,0.12
08/08/2013,0.12
09/08/2013,0.11
12/08/2013,0.12
13/08/2013,0.12
14/08/2013,0.12
15/08/2013,0.13
16/08/2013,0.13
19/08/2013,0.13
20/08/2013,0.13
21/08/2013,0.14
22/08/2013,0.14
23/08/2013,0.14
26/08/2013,0.13
27/08/2013,0.12
28/08/2013,0.14
29/08/2013,0.14
30/08/2013,0.13
03/09/2013,0.14
04/09/2013,0.14
05/09/2013,0.16
06/09/2013,0.14
09/09/2013,0.12
10/09/2013,0.13
11/09/2013,0.12
12/09/2013,0.13
13/09/2013,0.13
16/09/2013,0.13
17/09/2013,0.12
18/09/2013,0.11
19/09/2013,0.1
20/09/2013,0.11
23/09/2013,0.1
24/09/2013,0.1
25/09/2013,0.1
26/09/2013,0.09
27/09/2013,0.1
30/09/2013,0.1
01/10/2013,0.1
02/10/2013,0.11
03/10/2013,0.11
04/10/2013,0.11
07/10/2013,0.12
08/10/2013,0.15
09/10/2013,0.15
10/10/2013,0.14
11/10/2013,0.14
15/10/2013,0.16
16/10/2013,0.15
17/10/2013,0.13
18/10/2013,0.12
21/10/2013,0.11
22/10/2013,0.1
23/10/2013,0.11
24/10/2013,0.12
25/10/2013,0.11
28/10/2013,0.11
29/10/2013,0.11
30/10/2013,0.11
31/10/2013,0.1
01/11/2013,0.1
04/11/2013,0.09
05/11/2013,0.1
06/11/2013,0.11
07/11/2013,0.11
08/11/2013,0.12
12/11/2013,0.13
13/11/2013,0.13
14/11/2013,0.13
15/11/2013,0.13
18/11/2013,0.13
19/11/2013,0.14
20/11/2013,0.12
21/11/2013,0.12
22/11/2013,0.12
25/11/2013,0.14
26/11/2013,0.13
27/11/2013,0.13
29/11/2013,0.13
02/12/2013,0.13
03/12/2013,0.13
04/12/2013,0.14
05/12/2013,0.13
06/12/2013,0.13
09/12/2013,0.13
10/12/2013,0.14
11/12/2013,0.13
12/12/2013,0.14
13/12/2013,0.14
16/12/2013,0.13
17/12/2013,0.14
18/12/2013,0.13
19/12/2013,0.13
20/12/2013,0.13
23/12/2013,0.14
24/12/2013,0.14
26/12/2013,0.13
27/12/2013,0.12
30/12/2013,0.13
31/12/2013,0.13
02/01/2014,0.13
03/01/2014,0.13
06/01/2014,0.12
07/01/2014,0.13
08/01/2014,0.13
09/01/2014,0.13
10/01/2014,0.12
13/01/2014,0.11
14/01/2014,0.11
15/01/2014,0.13
16/01/2014,0.11
17/01/2014,0.11
21/01/2014,0.12
22/01/2014,0.11
23/01/2014,0.11
24/01/2014,0.11
27/01/2014,0.11
28/01/2014,0.11
29/01/2014,0.11
30/01/2014,0.1
31/01/2014,0.1
03/02/2014,0.11
04/02/2014,0.12
05/02/2014,0.12
06/02/2014,0.13
07/02/2014,0.12
10/02/2014,0.12
11/02/2014,0.12
12/02/2014,0.12
13/02/2014,0.12
14/02/2014,0.11
18/02/2014,0.12
19/02/2014,0.11
20/02/2014,0.12
21/02/2014,0.12
24/02/2014,0.11
25/02/2014,0.11
26/02/2014,0.11
27/02/2014,0.11
28/02/2014,0.12
03/03/2014,0.12
04/03/2014,0.12
05/03/2014,0.13
06/03/2014,0.12
07/03/2014,0.13
10/03/2014,0.12
11/03/2014,0.13
12/03/2014,0.12
13/03/2014,0.12
14/03/2014,0.12
17/03/2014,0.13
18/03/2014,0.13
19/03/2014,0.15
20/03/2014,0.14
21/03/2014,0.14
24/03/2014,0.14
25/03/2014,0.13
26/03/2014,0.12
27/03/2014,0.12
28/03/2014,0.13
31/03/2014,0.13
01/04/2014,0.13
02/04/2014,0.12
03/04/2014,0.11
04/04/2014,0.11
07/04/2014,0.11
08/04/2014,0.11
09/04/2014,0.1
10/04/2014,0.09
11/04/2014,0.09
14/04/2014,0.1
15/04/2014,0.11
16/04/2014,0.11
17/04/2014,0.11
21/04/2014,0.11
22/04/2014,0.11
23/04/2014,0.11
24/04/2014,0.1
25/04/2014,0.11
28/04/2014,0.1
29/04/2014,0.11
30/04/2014,0.11
01/05/2014,0.1
02/05/2014,0.1
05/05/2014,0.11
06/05/2014,0.1
07/05/2014,0.1
08/05/2014,0.1
09/05/2014,0.1
12/05/2014,0.09
13/05/2014,0.1
14/05/2014,0.1
15/05/2014,0.09
16/05/2014,0.09
19/05/2014,0.09
20/05/2014,0.09
21/05/2014,0.09
22/05/2014,0.09
23/05/2014,0.1
27/05/2014,0.09
28/05/2014,0.1
29/05/2014,0.1
30/05/2014,0.1
02/06/2014,0.1
03/06/2014,0.1
04/06/2014,0.1
05/06/2014,0.1
06/06/2014,0.11
09/06/2014,0.11
10/06/2014,0.11
11/06/2014,0.11
12/06/2014,0.1
13/06/2014,0.11
16/06/2014,0.11
17/06/2014,0.11
18/06/2014,0.1
19/06/2014,0.09
20/06/2014,0.09
23/06/2014,0.1
24/06/2014,0.12
25/06/2014,0.11
26/06/2014,0.11
27/06/2014,0.1
30/06/2014,0.11
01/07/2014,0.11
02/07/2014,0.12
03/07/2014,0.11
07/07/2014,0.12
08/07/2014,0.11
09/07/2014,0.11
10/07/2014,0.1
11/07/2014,0.11
14/07/2014,0.11
15/07/2014,0.11
16/07/2014,0.11
17/07/2014,0.1
18/07/2014,0.1
21/07/2014,0.11
22/07/2014,0.11
23/07/2014,0.11
24/07/2014,0.11
25/07/2014,0.11
28/07/2014,0.11
29/07/2014,0.12
30/07/2014,0.13
31/07/2014,0.12
01/08/2014,0.13
04/08/2014,0.12
05/08/2014,0.12
06/08/2014,0.11
07/08/2014,0.11
08/08/2014,0.1
11/08/2014,0.1
12/08/2014,0.1
13/08/2014,0.1
14/08/2014,0.1
15/08/2014,0.09
18/08/2014,0.1
19/08/2014,0.11
20/08/2014,0.12
21/08/2014,0.1
22/08/2014,0.1
25/08/2014,0.11
26/08/2014,0.12
27/08/2014,0.11
28/08/2014,0.11
29/08/2014,0.09
02/09/2014,0.1
03/09/2014,0.11
04/09/2014,0.1
05/09/2014,0.1
08/09/2014,0.1
09/09/2014,0.11
10/09/2014,0.11
11/09/2014,0.11
12/09/2014,0.11
15/09/2014,0.11
16/09/2014,0.13
17/09/2014,0.12
18/09/2014,0.12
19/09/2014,0.11
22/09/2014,0.1
23/09/2014,0.1
24/09/2014,0.11
25/09/2014,0.1
26/09/2014,0.11
29/09/2014,0.11
30/09/2014,0.13
01/10/2014,0.1
02/10/2014,0.1
03/10/2014,0.11
06/10/2014,0.11
07/10/2014,0.1
08/10/2014,0.1
09/10/2014,0.1
10/10/2014,0.1
14/10/2014,0.09
15/10/2014,0.1
16/10/2014,0.1
17/10/2014,0.11
20/10/2014,0.1
21/10/2014,0.1
22/10/2014,0.11
23/10/2014,0.11
24/10/2014,0.11
27/10/2014,0.11
28/10/2014,0.11
29/10/2014,0.11
30/10/2014,0.11
31/10/2014,0.11
03/11/2014,0.12
04/11/2014,0.11
05/11/2014,0.11
06/11/2014,0.12
07/11/2014,0.12
10/11/2014,0.13
12/11/2014,0.14
13/11/2014,0.15
14/11/2014,0.15
17/11/2014,0.15
18/11/2014,0.14
19/11/2014,0.15
20/11/2014,0.14
21/11/2014,0.14
24/11/2014,0.14
25/11/2014,0.14
26/11/2014,0.14
28/11/2014,0.13
01/12/2014,0.13
02/12/2014,0.14
03/12/2014,0.15
04/12/2014,0.14
05/12/2014,0.18
08/12/2014,0.18
09/12/2014,0.23
10/12/2014,0.21
11/12/2014,0.21
12/12/2014,0.19
15/12/2014,0.22
16/12/2014,0.21
17/12/2014,0.23
18/12/2014,0.25
19/12/2014,0.26
22/12/2014,0.28
23/12/2014,0.26
24/12/2014,0.26
26/12/2014,0.26
29/12/2014,0.25
30/12/2014,0.23
31/12/2014,0.25
02/01/2015,0.25
05/01/2015,0.26
06/01/2015,0.25
07/01/2015,0.25
08/01/2015,0.23
09/01/2015,0.22
12/01/2015,0.19
13/01/2015,0.2
14/01/2015,0.18
15/01/2015,0.16
16/01/2015,0.17
20/01/2015,0.17
21/01/2015,0.17
22/01/2015,0.17
23/01/2015,0.17
26/01/2015,0.18
27/01/2015,0.17
28/01/2015,0.17
29/01/2015,0.17
30/01/2015,0.18
02/02/2015,0.17
03/02/2015,0.21
04/02/2015,0.2
05/02/2015,0.2
06/02/2015,0.26
09/02/2015,0.24
10/02/2015,0.25
11/02/2015,0.24
12/02/2015,0.23
13/02/2015,0.23
17/02/2015,0.25
18/02/2015,0.23
19/02/2015,0.23
20/02/2015,0.23
23/02/2015,0.22
24/02/2015,0.22
25/02/2015,0.21
26/02/2015,0.22
27/02/2015,0.22
02/03/2015,0.22
03/03/2015,0.26
04/03/2015,0.26
05/03/2015,0.25
06/03/2015,0.27
09/03/2015,0.27
10/03/2015,0.25
11/03/2015,0.25
12/03/2015,0.24
13/03/2015,0.24
16/03/2015,0.26
17/03/2015,0.27
18/03/2015,0.23
19/03/2015,0.26
20/03/2015,0.24
23/03/2015,0.24
24/03/2015,0.24
25/03/2015,0.25
26/03/2015,0.28
27/03/2015,0.27
30/03/2015,0.27
31/03/2015,0.26
01/04/2015,0.27
02/04/2015,0.25
03/04/2015,0.21
06/04/2015,0.21
07/04/2015,0.22
08/04/2015,0.22
09/04/2015,0.22
10/04/2015,0.24
13/04/2015,0.23
14/04/2015,0.23
15/04/2015,0.23
16/04/2015,0.22
17/04/2015,0.23
20/04/2015,0.24
21/04/2015,0.23
22/04/2015,0.23
23/04/2015,0.24
24/04/2015,0.24
27/04/2015,0.25
28/04/2015,0.24
29/04/2015,0.25
30/04/2015,0.24
01/05/2015,0.25
04/05/2015,0.25
05/05/2015,0.24
06/05/2015,0.25
07/05/2015,0.24
08/05/2015,0.23
11/05/2015,0.25
12/05/2015,0.25
13/05/2015,0.24
14/05/2015,0.23
15/05/2015,0.23
18/05/2015,0.22
19/05/2015,0.23
20/05/2015,0.23
21/05/2015,0.22
22/05/2015,0.23
26/05/2015,0.24
27/05/2015,0.27
28/05/2015,0.26
29/05/2015,0.26
01/06/2015,0.26
02/06/2015,0.26
03/06/2015,0.26
04/06/2015,0.27
05/06/2015,0.29
08/06/2015,0.27
09/06/2015,0.27
10/06/2015,0.28
11/06/2015,0.28
12/06/2015,0.28
15/06/2015,0.28
16/06/2015,0.28
17/06/2015,0.27
18/06/2015,0.26
19/06/2015,0.25
22/06/2015,0.27
23/06/2015,0.3
24/06/2015,0.3
25/06/2015,0.29
26/06/2015,0.29
29/06/2015,0.27
30/06/2015,0.28
01/07/2015,0.28
02/07/2015,0.26
06/07/2015,0.26
07/07/2015,0.25
08/07/2015,0.24
09/07/2015,0.25
10/07/2015,0.28
13/07/2015,0.28
14/07/2015,0.27
15/07/2015,0.28
16/07/2015,0.29
17/07/2015,0.29
20/07/2015,0.31
21/07/2015,0.34
22/07/2015,0.34
23/07/2015,0.33
24/07/2015,0.32
27/07/2015,0.32
28/07/2015,0.32
29/07/2015,0.33
30/07/2015,0.36
31/07/2015,0.33
03/08/2015,0.33
04/08/2015,0.37
05/08/2015,0.38
06/08/2015,0.35
07/08/2015,0.38
10/08/2015,0.4
11/08/2015,0.37
12/08/2015,0.37
13/08/2015,0.4
14/08/2015,0.41
17/08/2015,0.4
18/08/2015,0.42
19/08/2015,0.39
20/08/2015,0.39
21/08/2015,0.36
24/08/2015,0.33
25/08/2015,0.36
26/08/2015,0.35
27/08/2015,0.36
28/08/2015,0.38
31/08/2015,0.39
01/09/2015,0.39
02/09/2015,0.37
03/09/2015,0.36
04/09/2015,0.36
08/09/2015,0.39
09/09/2015,0.39
10/09/2015,0.39
11/09/2015,0.4
14/09/2015,0.4
15/09/2015,0.47
16/09/2015,0.46
17/09/2015,0.39
18/09/2015,0.35
21/09/2015,0.36
22/09/2015,0.35
23/09/2015,0.34
24/09/2015,0.32
25/09/2015,0.35
28/09/2015,0.34
29/09/2015,0.33
30/09/2015,0.33
01/10/2015,0.31
02/10/2015,0.25
05/10/2015,0.26
06/10/2015,0.26
07/10/2015,0.27
08/10/2015,0.27
09/10/2015,0.28
13/10/2015,0.27
14/10/2015,0.21
15/10/2015,0.22
16/10/2015,0.23
19/10/2015,0.23
20/10/2015,0.23
21/10/2015,0.23
22/10/2015,0.23
23/10/2015,0.24
26/10/2015,0.25
27/10/2015,0.29
28/10/2015,0.33
29/10/2015,0.33
30/10/2015,0.34
02/11/2015,0.37
03/11/2015,0.39
04/11/2015,0.4
05/11/2015,0.42
06/11/2015,0.47
09/11/2015,0.47
10/11/2015,0.51
12/11/2015,0.51
13/11/2015,0.5
16/11/2015,0.5
17/11/2015,0.5
18/11/2015,0.49
19/11/2015,0.49
20/11/2015,0.49
23/11/2015,0.5
24/11/2015,0.52
25/11/2015,0.52
27/11/2015,0.5
30/11/2015,0.51
01/12/2015,0.51
02/12/2015,0.52
03/12/2015,0.57
04/12/2015,0.6
07/12/2015,0.67
08/12/2015,0.76
09/12/2015,0.72
10/12/2015,0.71
11/12/2015,0.68
14/12/2015,0.68
15/12/2015,0.69
16/12/2015,0.7
17/12/2015,0.69
18/12/2015,0.67
21/12/2015,0.64
22/12/2015,0.66
23/12/2015,0.65
24/12/2015,0.64
28/12/2015,0.66
29/12/2015,0.67
30/12/2015,0.64
31/12/2015,0.65
04/01/2016,0.61
05/01/2016,0.68
06/01/2016,0.67
07/01/2016,0.66
08/01/2016,0.64
11/01/2016,0.63
12/01/2016,0.62
13/01/2016,0.6
14/01/2016,0.55
15/01/2016,0.49
19/01/2016,0.48
20/01/2016,0.43
21/01/2016,0.44
22/01/2016,0.47
25/01/2016,0.47
26/01/2016,0.47
27/01/2016,0.47
28/01/2016,0.47
29/01/2016,0.47
01/02/2016,0.47
02/02/2016,0.54
03/02/2016,0.54
04/02/2016,0.52
05/02/2016,0.55
08/02/2016,0.51
09/02/2016,0.52
10/02/2016,0.52
11/02/2016,0.47
12/02/2016,0.51
16/02/2016,0.51
17/02/2016,0.53
18/02/2016,0.53
19/02/2016,0.53
22/02/2016,0.55
23/02/2016,0.55
24/02/2016,0.55
25/02/2016,0.56
26/02/2016,0.6
29/02/2016,0.62
01/03/2016,0.68
02/03/2016,0.67
03/03/2016,0.65
04/03/2016,0.67
07/03/2016,0.67
08/03/2016,0.68
09/03/2016,0.68
10/03/2016,0.69
11/03/2016,0.7
14/03/2016,0.7
15/03/2016,0.71
16/03/2016,0.66
17/03/2016,0.64
18/03/2016,0.62
21/03/2016,0.63
22/03/2016,0.64
23/03/2016,0.64
24/03/2016,0.63
28/03/2016,0.65
29/03/2016,0.63
30/03/2016,0.61
31/03/2016,0.59
01/04/2016,0.62
04/04/2016,0.59
05/04/2016,0.56
06/04/2016,0.55
07/04/2016,0.52
08/04/2016,0.54
11/04/2016,0.53
12/04/2016,0.54
13/04/2016,0.55
14/04/2016,0.55
15/04/2016,0.53
18/04/2016,0.52
19/04/2016,0.53
20/04/2016,0.54
21/04/2016,0.56
22/04/2016,0.56
25/04/2016,0.57
26/04/2016,0.61
27/04/2016,0.58
28/04/2016,0.56
29/04/2016,0.56
02/05/2016,0.55
03/05/2016,0.53
04/05/2016,0.52
05/05/2016,0.51
06/05/2016,0.51
09/05/2016,0.51
10/05/2016,0.52
11/05/2016,0.53
12/05/2016,0.54
13/05/2016,0.55
16/05/2016,0.57
17/05/2016,0.58
18/05/2016,0.63
19/05/2016,0.64
20/05/2016,0.67
23/05/2016,0.69
24/05/2016,0.69
25/05/2016,0.67
26/05/2016,0.65
27/05/2016,0.68
31/05/2016,0.68
01/06/2016,0.7
02/06/2016,0.68
03/06/2016,0.6
06/06/2016,0.6
07/06/2016,0.59
08/06/2016,0.6
09/06/2016,0.59
10/06/2016,0.57
13/06/2016,0.55
14/06/2016,0.55
15/06/2016,0.52
16/06/2016,0.53
17/06/2016,0.51
20/06/2016,0.56
21/06/2016,0.57
22/06/2016,0.56
23/06/2016,0.58
24/06/2016,0.48
27/06/2016,0.45
28/06/2016,0.45
29/06/2016,0.46
30/06/2016,0.45
01/07/2016,0.45
05/07/2016,0.44
06/07/2016,0.46
07/07/2016,0.47
08/07/2016,0.48
11/07/2016,0.5
12/07/2016,0.52
13/07/2016,0.51
14/07/2016,0.53
15/07/2016,0.52
18/07/2016,0.52
19/07/2016,0.56
20/07/2016,0.56
21/07/2016,0.54
22/07/2016,0.55
25/07/2016,0.55
26/07/2016,0.55
27/07/2016,0.53
28/07/2016,0.53
29/07/2016,0.5
01/08/2016,0.5
02/08/2016,0.5
03/08/2016,0.53
04/08/2016,0.51
05/08/2016,0.56
08/08/2016,0.57
09/08/2016,0.55
10/08/2016,0.55
11/08/2016,0.55
12/08/2016,0.56
15/08/2016,0.56
16/08/2016,0.5394
17/08/2016,0.5753
18/08/2016,0.5651
19/08/2016,0.5804
22/08/2016,0.5804
23/08/2016,0.5804
24/08/2016,0.5753
25/08/2016,0.5753
26/08/2016,0.6008
29/08/2016,0.5957
30/08/2016,0.5906
31/08/2016,0.5906
01/09/2016,0.5854
02/09/2016,0.5803
05/09/2016,0.5803
06/09/2016,0.5496
07/09/2016,0.5496
08/09/2016,0.5649
09/09/2016,0.5598
12/09/2016,0.5547
13/09/2016,0.57
14/09/2016,0.6111
15/09/2016,0.5958
16/09/2016,0.6009
19/09/2016,0.606
20/09/2016,0.606
21/09/2016,0.6008
22/09/2016,0.5804
23/09/2016,0.5752
26/09/2016,0.5701
27/09/2016,0.5701
28/09/2016,0.5803
29/09/2016,0.5701
30/09/2016,0.5854
03/10/2016,0.6059
04/10/2016,0.6263
05/10/2016,0.6263
06/10/2016,0.6314
07/10/2016,0.6314
10/10/2016,0.6314
11/10/2016,0.6416
12/10/2016,0.6777
13/10/2016,0.652
14/10/2016,0.6571
17/10/2016,0.6418
18/10/2016,0.6418
19/10/2016,0.6315
20/10/2016,0.6469
21/10/2016,0.6417
24/10/2016,0.6468
25/10/2016,0.6519
26/10/2016,0.6468
27/10/2016,0.6519
28/10/2016,0.6417
31/10/2016,0.6417
01/11/2016,0.6365
02/11/2016,0.6263
03/11/2016,0.6212
04/11/2016,0.6007
07/11/2016,0.6109
08/11/2016,0.6416
09/11/2016,0.7084
10/11/2016,0.7186
11/11/2016,0.7186
14/11/2016,0.7647
15/11/2016,0.7544
16/11/2016,0.7391
17/11/2016,0.7595
18/11/2016,0.7544
21/11/2016,0.7595
22/11/2016,0.7595
23/11/2016,0.7697
24/11/2016,0.7697
25/11/2016,0.7799
28/11/2016,0.7697
29/11/2016,0.7645
30/11/2016,0.7748
01/12/2016,0.7799
02/12/2016,0.7696
05/12/2016,0.7901
06/12/2016,0.785
07/12/2016,0.8315
08/12/2016,0.8366
09/12/2016,0.8468
12/12/2016,0.8468
13/12/2016,0.8673
14/12/2016,0.9084
15/12/2016,0.8878
16/12/2016,0.8826
19/12/2016,0.8775
20/12/2016,0.8775
21/12/2016,0.8569
22/12/2016,0.8518
23/12/2016,0.8517
26/12/2016,0.8517
27/12/2016,0.8568
28/12/2016,0.8517
29/12/2016,0.8158
30/12/2016,0.8106
02/01/2017,0.8106
03/01/2017,0.826
04/01/2017,0.8623
05/01/2017,0.8212
06/01/2017,0.8314
09/01/2017,0.8057
10/01/2017,0.8006
11/01/2017,0.8057
12/01/2017,0.7954
13/01/2017,0.7954
16/01/2017,0.7954
17/01/2017,0.78
18/01/2017,0.8056
19/01/2017,0.8005
20/01/2017,0.7902
23/01/2017,0.7645
24/01/2017,0.7799
25/01/2017,0.785
26/01/2017,0.785
27/01/2017,0.785
30/01/2017,0.7747
31/01/2017,0.7593
01/02/2017,0.8212
02/02/2017,0.8109
03/02/2017,0.8006
06/02/2017,0.7801
07/02/2017,0.7801
08/02/2017,0.7749
09/02/2017,0.7852
10/02/2017,0.7903
13/02/2017,0.8005
14/02/2017,0.821
15/02/2017,0.8261
16/02/2017,0.7953
17/02/2017,0.7953
20/02/2017,0.7953
21/02/2017,0.7953
22/02/2017,0.7953
23/02/2017,0.7799
24/02/2017,0.7747
27/02/2017,0.7747
28/02/2017,0.8208
01/03/2017,0.9136
02/03/2017,0.9599
03/03/2017,0.9598
06/03/2017,0.965
07/03/2017,0.9958
08/03/2017,1.0163
09/03/2017,1.0318
10/03/2017,1.0266
13/03/2017,1.0471
14/03/2017,1.0368
15/03/2017,1.0008
16/03/2017,0.9853
17/03/2017,0.9801
20/03/2017,0.9801
21/03/2017,0.9698
22/03/2017,0.9647
23/03/2017,0.9595
24/03/2017,0.9646
27/03/2017,0.9748
28/03/2017,1.0108
29/03/2017,1.0319
30/03/2017,1.0216
31/03/2017,1.0164
03/04/2017,1.0061
04/04/2017,1.0215
05/04/2017,1.0163
06/04/2017,1.0266
07/04/2017,1.0574
10/04/2017,1.0523
11/04/2017,1.0368
12/04/2017,1.0162
13/04/2017,1.011
14/04/2017,1.011
17/04/2017,1.0161
18/04/2017,1.0007
19/04/2017,1.0006
20/04/2017,0.9903
21/04/2017,0.9749
24/04/2017,1.0057
25/04/2017,1.0262
26/04/2017,1.0628
27/04/2017,1.0525
28/04/2017,1.0576
01/05/2017,1.073
02/05/2017,1.0678
03/05/2017,1.0833
04/05/2017,1.0935
05/05/2017,1.0935
08/05/2017,1.1089
09/05/2017,1.1192
10/05/2017,1.1192
11/05/2017,1.1191
12/05/2017,1.1036
15/05/2017,1.1036
16/05/2017,1.0984
17/05/2017,1.0726
18/05/2017,1.0726
19/05/2017,1.088
22/05/2017,1.0983
23/05/2017,1.124
24/05/2017,1.1504
25/05/2017,1.1504
26/05/2017,1.1452
29/05/2017,1.1452
30/05/2017,1.1451
31/05/2017,1.1503
01/06/2017,1.1451
02/06/2017,1.1502
05/06/2017,1.1553
06/06/2017,1.1449
07/06/2017,1.1655
08/06/2017,1.1707
09/06/2017,1.186
12/06/2017,1.1963
13/06/2017,1.2015
14/06/2017,1.186
15/06/2017,1.1962
16/06/2017,1.1859
19/06/2017,1.2013
20/06/2017,1.2064
21/06/2017,1.2124
22/06/2017,1.2072
23/06/2017,1.2019
26/06/2017,1.1967
27/06/2017,1.207
28/06/2017,1.2018
29/06/2017,1.2173
30/06/2017,1.2275
02/07/2017,1.2327
03/07/2017,1.2429
04/07/2017,1.2429
05/07/2017,1.2274
06/07/2017,1.2171
07/07/2017,1.2067
09/07/2017,1.2118
10/07/2017,1.2066
11/07/2017,1.1963
12/07/2017,1.1911
13/07/2017,1.2014
14/07/2017,1.1962
17/07/2017,1.1961
18/07/2017,1.191
19/07/2017,1.2175
20/07/2017,1.2072
21/07/2017,1.2071
24/07/2017,1.2174
25/07/2017,1.2277
26/07/2017,1.2173
27/07/2017,1.2173
28/07/2017,1.2069
31/07/2017,1.212
01/08/2017,1.2068
02/08/2017,1.2119
03/08/2017,1.2106
04/08/2017,1.2183
07/08/2017,1.2208
08/08/2017,1.2221
09/08/2017,1.2027
10/08/2017,1.2014
11/08/2017,1.1949
14/08/2017,1.2052
15/08/2017,1.227
16/08/2017,1.2382
17/08/2017,1.2227
18/08/2017,1.2226
21/08/2017,1.2148
22/08/2017,1.2277
23/08/2017,1.2173
24/08/2017,1.2289
25/08/2017,1.2249
28/08/2017,1.2288
29/08/2017,1.2158
30/08/2017,1.2184
31/08/2017,1.2171
01/09/2017,1.2221
04/09/2017,1.2221
05/09/2017,1.2092
06/09/2017,1.2272
07/09/2017,1.2001
08/09/2017,1.1975
11/09/2017,1.2245
12/09/2017,1.2206
13/09/2017,1.264
14/09/2017,1.2769
15/09/2017,1.2897
18/09/2017,1.2948
19/09/2017,1.2922
20/09/2017,1.2948
21/09/2017,1.2999
22/09/2017,1.2946
25/09/2017,1.2843
26/09/2017,1.292
27/09/2017,1.3023
28/09/2017,1.2868
29/09/2017,1.2892
02/10/2017,1.2866
03/10/2017,1.2866
04/10/2017,1.3098
05/10/2017,1.333
06/10/2017,1.3329
09/10/2017,1.3329
10/10/2017,1.3586
11/10/2017,1.3985
12/10/2017,1.3958
13/10/2017,1.3879
16/10/2017,1.4034
17/10/2017,1.3982
18/10/2017,1.4059
19/10/2017,1.3955
20/10/2017,1.4135
23/10/2017,1.4031
24/10/2017,1.4135
25/10/2017,1.4134
26/10/2017,1.4185
27/10/2017,1.4055
30/10/2017,1.408
31/10/2017,1.4209
01/11/2017,1.4312
02/11/2017,1.4338
03/11/2017,1.4569
06/11/2017,1.4776
07/11/2017,1.4879
08/11/2017,1.5202
09/11/2017,1.515
10/11/2017,1.5278
13/11/2017,1.5381
14/11/2017,1.5458
15/11/2017,1.538
16/11/2017,1.59
17/11/2017,1.6
20/11/2017,1.62
21/11/2017,1.62
22/11/2017,1.61
24/11/2017,1.61
27/11/2017,1.62
28/11/2017,1.61
29/11/2017,1.61
30/11/2017,1.62
01/12/2017,1.62
04/12/2017,1.66
05/12/2017,1.64
06/12/2017,1.68
07/12/2017,1.67
08/12/2017,1.65
11/12/2017,1.69
12/12/2017,1.7
13/12/2017,1.68
14/12/2017,1.7
15/12/2017,1.71
18/12/2017,1.7
19/12/2017,1.71
20/12/2017,1.72
21/12/2017,1.73
22/12/2017,1.73
24/12/2017,1.7138
26/12/2017,1.75
27/12/2017,1.75
28/12/2017,1.76
29/12/2017,1.76
31/12/2017,1.7316
02/01/2018,1.83
03/01/2018,1.81
04/01/2018,1.82
05/01/2018,1.8
08/01/2018,1.79
09/01/2018,1.78
10/01/2018,1.78
11/01/2018,1.77
12/01/2018,1.78
14/01/2018,1.7714
16/01/2018,1.79
17/01/2018,1.79
18/01/2018,1.79
19/01/2018,1.79
22/01/2018,1.79
23/01/2018,1.78
24/01/2018,1.79
25/01/2018,1.8
26/01/2018,1.8
29/01/2018,1.8
30/01/2018,1.88
31/01/2018,1.9
01/02/2018,1.89
02/02/2018,1.88
05/02/2018,1.85
06/02/2018,1.87
07/02/2018,1.91
08/02/2018,1.91
09/02/2018,1.89
12/02/2018,1.93
13/02/2018,1.95
14/02/2018,1.98
15/02/2018,1.99
16/02/2018,2
18/02/2018,1.9714
20/02/2018,2.01
21/02/2018,2.03
22/02/2018,2.02
23/02/2018,2.02
26/02/2018,2.03
27/02/2018,2.08
28/02/2018,2.07
01/03/2018,2.05
02/03/2018,2.06
05/03/2018,2.06
06/03/2018,2.06
07/03/2018,2.05
08/03/2018,2.05
09/03/2018,2.03
12/03/2018,2.05
13/03/2018,2.03
14/03/2018,2.05
15/03/2018,2.07
16/03/2018,2.08
19/03/2018,2.08
20/03/2018,2.08
21/03/2018,2.06
22/03/2018,2.05
23/03/2018,2.04
26/03/2018,2.06
27/03/2018,2.1
28/03/2018,2.12
29/03/2018,2.09
02/04/2018,2.08
03/04/2018,2.09
04/04/2018,2.07
05/04/2018,2.07
06/04/2018,2.06
09/04/2018,2.08
10/04/2018,2.09
11/04/2018,2.09
12/04/2018,2.11
13/04/2018,2.12
16/04/2018,2.12
17/04/2018,2.16
18/04/2018,2.17
19/04/2018,2.21
20/04/2018,2.22
23/04/2018,2.25
24/04/2018,2.25
25/04/2018,2.26
26/04/2018,2.25
27/04/2018,2.24
30/04/2018,2.24
01/05/2018,2.26
02/05/2018,2.24
03/05/2018,2.24
04/05/2018,2.24
07/05/2018,2.25
08/05/2018,2.26
09/05/2018,2.27
10/05/2018,2.27
11/05/2018,2.28
14/05/2018,2.28
15/05/2018,2.31
16/05/2018,2.32
17/05/2018,2.32
18/05/2018,2.32
21/05/2018,2.35
22/05/2018,2.34
23/05/2018,2.29
24/05/2018,2.28
25/05/2018,2.27
29/05/2018,2.17
30/05/2018,2.23
31/05/2018,2.23
01/06/2018,2.28
04/06/2018,2.3
05/06/2018,2.32
06/06/2018,2.32
07/06/2018,2.31
08/06/2018,2.3
11/06/2018,2.32
12/06/2018,2.31
13/06/2018,2.35
14/06/2018,2.35
15/06/2018,2.35
18/06/2018,2.35
19/06/2018,2.34
20/06/2018,2.36
21/06/2018,2.34
22/06/2018,2.33
25/06/2018,2.34
26/06/2018,2.33
27/06/2018,2.33
28/06/2018,2.33
29/06/2018,2.33
02/07/2018,2.34
03/07/2018,2.33
05/07/2018,2.32
06/07/2018,2.34
09/07/2018,2.34
10/07/2018,2.36
11/07/2018,2.36
12/07/2018,2.39
13/07/2018,2.37
16/07/2018,2.39
17/07/2018,2.39
18/07/2018,2.43
19/07/2018,2.4
20/07/2018,2.41
23/07/2018,2.42
24/07/2018,2.42
25/07/2018,2.42
26/07/2018,2.41
27/07/2018,2.43
30/07/2018,2.43
31/07/2018,2.44
01/08/2018,2.45
02/08/2018,2.45
03/08/2018,2.43
06/08/2018,2.44
07/08/2018,2.45
08/08/2018,2.44
09/08/2018,2.44
10/08/2018,2.42
13/08/2018,2.42
14/08/2018,2.44
15/08/2018,2.45
16/08/2018,2.45
17/08/2018,2.44
20/08/2018,2.43
21/08/2018,2.45
22/08/2018,2.43
23/08/2018,2.43
24/08/2018,2.44
27/08/2018,2.47
28/08/2018,2.47
29/08/2018,2.48
30/08/2018,2.47
31/08/2018,2.46
04/09/2018,2.49
05/09/2018,2.49
06/09/2018,2.5
07/09/2018,2.53
10/09/2018,2.54
11/09/2018,2.55
12/09/2018,2.56
13/09/2018,2.55
14/09/2018,2.56
17/09/2018,2.57
18/09/2018,2.58
19/09/2018,2.58
20/09/2018,2.58
21/09/2018,2.58
24/09/2018,2.6
25/09/2018,2.59
26/09/2018,2.58
27/09/2018,2.58
28/09/2018,2.59
01/10/2018,2.6
02/10/2018,2.61
03/10/2018,2.62
04/10/2018,2.63
05/10/2018,2.64
09/10/2018,2.65
10/10/2018,2.67
11/10/2018,2.66
12/10/2018,2.66
15/10/2018,2.67
16/10/2018,2.66
17/10/2018,2.66
18/10/2018,2.67
19/10/2018,2.67
22/10/2018,2.68
23/10/2018,2.67
24/10/2018,2.64
25/10/2018,2.66
26/10/2018,2.63
29/10/2018,2.64
30/10/2018,2.66
31/10/2018,2.69
01/11/2018,2.67
02/11/2018,2.7
05/11/2018,2.71
06/11/2018,2.72
07/11/2018,2.74
08/11/2018,2.74
09/11/2018,2.73
13/11/2018,2.72
14/11/2018,2.71
15/11/2018,2.7
16/11/2018,2.68
19/11/2018,2.66
20/11/2018,2.67
21/11/2018,2.67
23/11/2018,2.67
26/11/2018,2.7
27/11/2018,2.7
28/11/2018,2.69
29/11/2018,2.69
30/11/2018,2.7
03/12/2018,2.72
04/12/2018,2.71
06/12/2018,2.7
07/12/2018,2.68
10/12/2018,2.69
11/12/2018,2.7
12/12/2018,2.7
13/12/2018,2.69
14/12/2018,2.68
17/12/2018,2.66
18/12/2018,2.64
19/12/2018,2.62
20/12/2018,2.64
21/12/2018,2.62
24/12/2018,2.61
26/12/2018,2.61
27/12/2018,2.58
28/12/2018,2.57
31/12/2018,2.63
02/01/2019,2.6
03/01/2019,2.5
04/01/2019,2.57
07/01/2019,2.58
08/01/2019,2.6
09/01/2019,2.59
10/01/2019,2.59
11/01/2019,2.58
14/01/2019,2.57
15/01/2019,2.57
16/01/2019,2.57
17/01/2019,2.57
18/01/2019,2.6
22/01/2019,2.59
23/01/2019,2.59
24/01/2019,2.58
25/01/2019,2.6
28/01/2019,2.6
29/01/2019,2.6
30/01/2019,2.57
31/01/2019,2.55
01/02/2019,2.56
04/02/2019,2.57
05/02/2019,2.56
06/02/2019,2.56
07/02/2019,2.55
08/02/2019,2.54
11/02/2019,2.55
12/02/2019,2.55
13/02/2019,2.55
14/02/2019,2.53
15/02/2019,2.55
19/02/2019,2.54
20/02/2019,2.54
21/02/2019,2.55
22/02/2019,2.55
25/02/2019,2.56
26/02/2019,2.56
27/02/2019,2.55
28/02/2019,2.54
01/03/2019,2.55
04/03/2019,2.54
05/03/2019,2.54
06/03/2019,2.54
07/03/2019,2.52
08/03/2019,2.53
11/03/2019,2.53
12/03/2019,2.52
13/03/2019,2.53
14/03/2019,2.52
15/03/2019,2.52
18/03/2019,2.52
19/03/2019,2.5
20/03/2019,2.47
21/03/2019,2.48
22/03/2019,2.45
25/03/2019,2.41
26/03/2019,2.44
27/03/2019,2.4
28/03/2019,2.4
29/03/2019,2.4
01/04/2019,2.41
02/04/2019,2.41
03/04/2019,2.41
04/04/2019,2.41
05/04/2019,2.43
08/04/2019,2.43
09/04/2019,2.42
10/04/2019,2.41
11/04/2019,2.44
12/04/2019,2.44
15/04/2019,2.43
16/04/2019,2.45
17/04/2019,2.44
18/04/2019,2.44
22/04/2019,2.46
23/04/2019,2.43
24/04/2019,2.42
25/04/2019,2.42
26/04/2019,2.41
29/04/2019,2.42
30/04/2019,2.39
01/05/2019,2.39
02/05/2019,2.41
03/05/2019,2.41
06/05/2019,2.39
07/05/2019,2.37
08/05/2019,2.37
09/05/2019,2.36
10/05/2019,2.36
13/05/2019,2.32
14/05/2019,2.32
15/05/2019,2.3
16/05/2019,2.33
17/05/2019,2.33
20/05/2019,2.34
21/05/2019,2.36
22/05/2019,2.37
23/05/2019,2.32
24/05/2019,2.33
28/05/2019,2.31
29/05/2019,2.3
30/05/2019,2.29
31/05/2019,2.21
03/06/2019,2.11
04/06/2019,2.11
05/06/2019,2.04
06/06/2019,2.02
07/06/2019,1.97
10/06/2019,2.03
11/06/2019,2.05
12/06/2019,2.02
13/06/2019,2
14/06/2019,2
17/06/2019,2.03
18/06/2019,2.04
19/06/2019,1.96
20/06/2019,1.91
21/06/2019,1.95
24/06/2019,1.92
25/06/2019,1.93
26/06/2019,1.96
27/06/2019,1.93
28/06/2019,1.92
01/07/2019,1.94
02/07/2019,1.91
03/07/2019,1.91
05/07/2019,1.98
08/07/2019,1.99
09/07/2019,2
10/07/2019,1.93
11/07/2019,1.97
12/07/2019,1.96
15/07/2019,1.95
16/07/2019,2
17/07/2019,1.95
18/07/2019,1.9
19/07/2019,1.94
22/07/2019,1.95
23/07/2019,1.97
24/07/2019,1.98
25/07/2019,1.99
26/07/2019,2
29/07/2019,1.98
30/07/2019,1.97
31/07/2019,2
01/08/2019,1.88
02/08/2019,1.85
05/08/2019,1.78
06/08/2019,1.8
07/08/2019,1.75
08/08/2019,1.79
09/08/2019,1.78
12/08/2019,1.75
13/08/2019,1.86
14/08/2019,1.79
15/08/2019,1.72
16/08/2019,1.71
19/08/2019,1.75
20/08/2019,1.72
21/08/2019,1.77
22/08/2019,1.79
23/08/2019,1.73
26/08/2019,1.75
27/08/2019,1.77
28/08/2019,1.74
29/08/2019,1.75
30/08/2019,1.76
03/09/2019,1.72
04/09/2019,1.69
05/09/2019,1.73
06/09/2019,1.73
09/09/2019,1.74
10/09/2019,1.81
11/09/2019,1.79
12/09/2019,1.82
13/09/2019,1.88
16/09/2019,1.86
17/09/2019,1.87
18/09/2019,1.87
19/09/2019,1.88
20/09/2019,1.84
23/09/2019,1.81
24/09/2019,1.78
25/09/2019,1.82
26/09/2019,1.79
27/09/2019,1.74
30/09/2019,1.75
01/10/2019,1.73
02/10/2019,1.67
03/10/2019,1.58
04/10/2019,1.58
07/10/2019,1.64
08/10/2019,1.62
09/10/2019,1.59
10/10/2019,1.63
11/10/2019,1.67
15/10/2019,1.65
16/10/2019,1.59
17/10/2019,1.59
18/10/2019,1.58
21/10/2019,1.59
22/10/2019,1.59
23/10/2019,1.58
24/10/2019,1.59
25/10/2019,1.6
28/10/2019,1.6
29/10/2019,1.59
30/10/2019,1.59
31/10/2019,1.53
01/11/2019,1.53
04/11/2019,1.56
05/11/2019,1.62
06/11/2019,1.58
07/11/2019,1.58
08/11/2019,1.58
12/11/2019,1.58
13/11/2019,1.57
14/11/2019,1.55
15/11/2019,1.54
18/11/2019,1.54
19/11/2019,1.54
20/11/2019,1.54
21/11/2019,1.55
22/11/2019,1.56
25/11/2019,1.58
26/11/2019,1.59
27/11/2019,1.6
29/11/2019,1.6
02/12/2019,1.6
03/12/2019,1.57
04/12/2019,1.56
05/12/2019,1.56
06/12/2019,1.57
09/12/2019,1.56
10/12/2019,1.56
11/12/2019,1.55
12/12/2019,1.55
13/12/2019,1.54
16/12/2019,1.54
17/12/2019,1.53
18/12/2019,1.54
19/12/2019,1.52
20/12/2019,1.52
23/12/2019,1.53
24/12/2019,1.53
26/12/2019,1.53
27/12/2019,1.51
30/12/2019,1.57
31/12/2019,1.59
02/01/2020,1.56
03/01/2020,1.55
06/01/2020,1.54
07/01/2020,1.53
08/01/2020,1.55
09/01/2020,1.54
10/01/2020,1.53
13/01/2020,1.53
14/01/2020,1.53
15/01/2020,1.54
16/01/2020,1.54
17/01/2020,1.56
21/01/2020,1.54
22/01/2020,1.55
23/01/2020,1.55
24/01/2020,1.55
27/01/2020,1.53
28/01/2020,1.53
29/01/2020,1.51
30/01/2020,1.48
31/01/2020,1.45
03/02/2020,1.46
04/02/2020,1.48
05/02/2020,1.49
06/02/2020,1.51
07/02/2020,1.49
10/02/2020,1.45
11/02/2020,1.48
12/02/2020,1.49
13/02/2020,1.48
14/02/2020,1.49
18/02/2020,1.47
19/02/2020,1.47
20/02/2020,1.46
21/02/2020,1.43
24/02/2020,1.35
25/02/2020,1.3
26/02/2020,1.26
27/02/2020,1.18
28/02/2020,0.97
02/03/2020,0.89
03/03/2020,0.73
04/03/2020,0.59
05/03/2020,0.48
06/03/2020,0.39
09/03/2020,0.31
10/03/2020,0.43
11/03/2020,0.4
12/03/2020,0.39
13/03/2020,0.38
16/03/2020,0.29
17/03/2020,0.3
18/03/2020,0.21
19/03/2020,0.2
20/03/2020,0.15
23/03/2020,0.17
24/03/2020,0.25
25/03/2020,0.19
26/03/2020,0.13
27/03/2020,0.11
30/03/2020,0.14
31/03/2020,0.17
01/04/2020,0.16
02/04/2020,0.14
03/04/2020,0.15
06/04/2020,0.2
07/04/2020,0.2
08/04/2020,0.23
09/04/2020,0.25
13/04/2020,0.27
14/04/2020,0.25
15/04/2020,0.19
16/04/2020,0.17
17/04/2020,0.16
20/04/2020,0.15
21/04/2020,0.17
22/04/2020,0.16
23/04/2020,0.17
24/04/2020,0.18
27/04/2020,0.17
28/04/2020,0.16
29/04/2020,0.18
30/04/2020,0.16
01/05/2020,0.17
04/05/2020,0.16
05/05/2020,0.16
06/05/2020,0.16
07/05/2020,0.15
08/05/2020,0.15
11/05/2020,0.16
12/05/2020,0.16
13/05/2020,0.15
14/05/2020,0.15
15/05/2020,0.15
18/05/2020,0.17
19/05/2020,0.16
20/05/2020,0.16
21/05/2020,0.16
22/05/2020,0.17
26/05/2020,0.17
27/05/2020,0.18
28/05/2020,0.17
29/05/2020,0.17
01/06/2020,0.17
02/06/2020,0.17
03/06/2020,0.17
04/06/2020,0.17
05/06/2020,0.18
08/06/2020,0.19
09/06/2020,0.19
10/06/2020,0.18
11/06/2020,0.19
12/06/2020,0.18
15/06/2020,0.17
16/06/2020,0.18
17/06/2020,0.19
18/06/2020,0.19
19/06/2020,0.18
22/06/2020,0.17
23/06/2020,0.18
24/06/2020,0.17
25/06/2020,0.17
26/06/2020,0.17
29/06/2020,0.16
30/06/2020,0.16
01/07/2020,0.16
02/07/2020,0.16
06/07/2020,0.16
07/07/2020,0.15
08/07/2020,0.15
09/07/2020,0.15
10/07/2020,0.15
13/07/2020,0.16
14/07/2020,0.17
15/07/2020,0.15
16/07/2020,0.14
17/07/2020,0.14
20/07/2020,0.14
21/07/2020,0.15
22/07/2020,0.14
23/07/2020,0.14
24/07/2020,0.16
27/07/2020,0.14
28/07/2020,0.14
29/07/2020,0.13
30/07/2020,0.11
31/07/2020,0.11
03/08/2020,0.12
04/08/2020,0.14
05/08/2020,0.12
06/08/2020,0.14
07/08/2020,0.14
10/08/2020,0.13
11/08/2020,0.15
12/08/2020,0.13
13/08/2020,0.14
14/08/2020,0.13
17/08/2020,0.13
18/08/2020,0.13
19/08/2020,0.13
20/08/2020,0.12
21/08/2020,0.13
24/08/2020,0.14
25/08/2020,0.13
26/08/2020,0.12
27/08/2020,0.13
28/08/2020,0.12
31/08/2020,0.12
01/09/2020,0.12
02/09/2020,0.13
03/09/2020,0.12
04/09/2020,0.13
08/09/2020,0.15
09/09/2020,0.14
10/09/2020,0.15
11/09/2020,0.13
14/09/2020,0.14
15/09/2020,0.13
16/09/2020,0.12
17/09/2020,0.12
18/09/2020,0.13
21/09/2020,0.12
22/09/2020,0.12
23/09/2020,0.13
24/09/2020,0.12
25/09/2020,0.12
28/09/2020,0.12
29/09/2020,0.12
30/09/2020,0.12
01/10/2020,0.12
02/10/2020,0.12
05/10/2020,0.12
06/10/2020,0.14
07/10/2020,0.13
08/10/2020,0.13
09/10/2020,0.15
13/10/2020,0.13
14/10/2020,0.13
15/10/2020,0.12
16/10/2020,0.12
19/10/2020,0.13
20/10/2020,0.13
21/10/2020,0.13
22/10/2020,0.13
23/10/2020,0.12
26/10/2020,0.12
27/10/2020,0.12
28/10/2020,0.12
29/10/2020,0.12
30/10/2020,0.13
02/11/2020,0.13
03/11/2020,0.14
04/11/2020,0.12
05/11/2020,0.12
06/11/2020,0.12
09/11/2020,0.12
10/11/2020,0.12
12/11/2020,0.13
13/11/2020,0.12
16/11/2020,0.12
17/11/2020,0.12
18/11/2020,0.11
19/11/2020,0.11
20/11/2020,0.11
23/11/2020,0.1
24/11/2020,0.11
25/11/2020,0.11
27/11/2020,0.11
30/11/2020,0.11
01/12/2020,0.12
02/12/2020,0.11
03/12/2020,0.1
04/12/2020,0.11
07/12/2020,0.1
08/12/2020,0.1
09/12/2020,0.1
10/12/2020,0.1
11/12/2020,0.1
14/12/2020,0.1
15/12/2020,0.09
16/12/2020,0.09
17/12/2020,0.09
18/12/2020,0.09
21/12/2020,0.09
22/12/2020,0.09
23/12/2020,0.09
24/12/2020,0.1
28/12/2020,0.11
29/12/2020,0.11
30/12/2020,0.12
31/12/2020,0.1
04/01/2021,0.1
05/01/2021,0.1
06/01/2021,0.11
07/01/2021,0.11
08/01/2021,0.1
11/01/2021,0.1
12/01/2021,0.11
13/01/2021,0.12
14/01/2021,0.1
15/01/2021,0.1
19/01/2021,0.1
20/01/2021,0.1
21/01/2021,0.1
22/01/2021,0.1
25/01/2021,0.1
26/01/2021,0.09
27/01/2021,0.09
28/01/2021,0.08
29/01/2021,0.1
01/02/2021,0.08
02/02/2021,0.08
03/02/2021,0.08
04/02/2021,0.07
05/02/2021,0.06
08/02/2021,0.07
09/02/2021,0.07
10/02/2021,0.07
11/02/2021,0.07
12/02/2021,0.06
16/02/2021,0.08
17/02/2021,0.07
18/02/2021,0.06
19/02/2021,0.07
22/02/2021,0.06
23/02/2021,0.08
24/02/2021,0.08
25/02/2021,0.09
26/02/2021,0.08
01/03/2021,0.08
02/03/2021,0.08
03/03/2021,0.08
04/03/2021,0.08
05/03/2021,0.08
08/03/2021,0.09
09/03/2021,0.1
10/03/2021,0.08
11/03/2021,0.08
12/03/2021,0.09
15/03/2021,0.08
16/03/2021,0.07
17/03/2021,0.07
18/03/2021,0.08
19/03/2021,0.07
22/03/2021,0.06
23/03/2021,0.08
24/03/2021,0.07
25/03/2021,0.07
26/03/2021,0.06
29/03/2021,0.06
30/03/2021,0.06
31/03/2021,0.07
01/04/2021,0.06
02/04/2021,0.07
05/04/2021,0.06
06/04/2021,0.06
07/04/2021,0.06
08/04/2021,0.05
09/04/2021,0.06
12/04/2021,0.06
13/04/2021,0.06
14/04/2021,0.06
15/04/2021,0.06
16/04/2021,0.06
19/04/2021,0.08
20/04/2021,0.07
21/04/2021,0.07
22/04/2021,0.06
23/04/2021,0.07
26/04/2021,0.06
27/04/2021,0.06
28/04/2021,0.05
29/04/2021,0.05
30/04/2021,0.05
03/05/2021,0.06
04/05/2021,0.06
05/05/2021,0.06
06/05/2021,0.05
07/05/2021,0.05
10/05/2021,0.05
11/05/2021,0.05
12/05/2021,0.05
13/05/2021,0.05
14/05/2021,0.06
17/05/2021,0.06
18/05/2021,0.06
19/05/2021,0.05
20/05/2021,0.05
21/05/2021,0.04
24/05/2021,0.04
25/05/2021,0.04
26/05/2021,0.04
27/05/2021,0.04
28/05/2021,0.05
01/06/2021,0.04
02/06/2021,0.05
03/06/2021,0.04
04/06/2021,0.05
07/06/2021,0.05
08/06/2021,0.05
09/06/2021,0.05
10/06/2021,0.05
11/06/2021,0.05
14/06/2021,0.05
15/06/2021,0.08
16/06/2021,0.08
17/06/2021,0.08
18/06/2021,0.09
21/06/2021,0.09
22/06/2021,0.09
23/06/2021,0.08
24/06/2021,0.08
25/06/2021,0.09
28/06/2021,0.08
29/06/2021,0.08
30/06/2021,0.07
01/07/2021,0.09
02/07/2021,0.08
06/07/2021,0.07
07/07/2021,0.08
08/07/2021,0.07
09/07/2021,0.08
12/07/2021,0.08
13/07/2021,0.08
14/07/2021,0.08
15/07/2021,0.07
16/07/2021,0.08
19/07/2021,0.07
20/07/2021,0.08
21/07/2021,0.07
22/07/2021,0.07
23/07/2021,0.07
26/07/2021,0.08
27/07/2021,0.07
28/07/2021,0.07
29/07/2021,0.08
30/07/2021,0.07
02/08/2021,0.07
03/08/2021,0.07
04/08/2021,0.07
05/08/2021,0.08
06/08/2021,0.09
09/08/2021,0.08
10/08/2021,0.08
11/08/2021,0.08
12/08/2021,0.09
13/08/2021,0.08
16/08/2021,0.08
17/08/2021,0.07
18/08/2021,0.07
19/08/2021,0.06
20/08/2021,0.06
23/08/2021,0.07
24/08/2021,0.06
25/08/2021,0.07
26/08/2021,0.07
27/08/2021,0.07
30/08/2021,0.08
31/08/2021,0.07
01/09/2021,0.07
02/09/2021,0.07
03/09/2021,0.08
07/09/2021,0.08
08/09/2021,0.08
09/09/2021,0.07
10/09/2021,0.08
13/09/2021,0.07
14/09/2021,0.07
15/09/2021,0.07
16/09/2021,0.07
17/09/2021,0.07
20/09/2021,0.07
21/09/2021,0.07
22/09/2021,0.08
23/09/2021,0.08
24/09/2021,0.08
27/09/2021,0.09
28/09/2021,0.09
29/09/2021,0.09
30/09/2021,0.09
01/10/2021,0.09
04/10/2021,0.09
05/10/2021,0.09
06/10/2021,0.1
07/10/2021,0.1
08/10/2021,0.09
12/10/2021,0.1
13/10/2021,0.11
14/10/2021,0.1
15/10/2021,0.12
18/10/2021,0.11
19/10/2021,0.11
20/10/2021,0.1
21/10/2021,0.12
22/10/2021,0.13
25/10/2021,0.14
26/10/2021,0.14
27/10/2021,0.12
28/10/2021,0.15
29/10/2021,0.15
01/11/2021,0.15
02/11/2021,0.15
03/11/2021,0.17
04/11/2021,0.14
05/11/2021,0.14
08/11/2021,0.16
09/11/2021,0.14
10/11/2021,0.17
12/11/2021,0.17
15/11/2021,0.18
16/11/2021,0.17
17/11/2021,0.18
18/11/2021,0.18
19/11/2021,0.18
22/11/2021,0.2
23/11/2021,0.21
24/11/2021,0.24
26/11/2021,0.2
29/11/2021,0.21
30/11/2021,0.24
01/12/2021,0.25
02/12/2021,0.27
03/12/2021,0.26
06/12/2021,0.28
07/12/2021,0.31
08/12/2021,0.29
09/12/2021,0.28
10/12/2021,0.27
13/12/2021,0.27
14/12/2021,0.26
15/12/2021,0.29
16/12/2021,0.26
17/12/2021,0.27
20/12/2021,0.27
21/12/2021,0.29
22/12/2021,0.28
23/12/2021,0.31
27/12/2021,0.33
28/12/2021,0.39
29/12/2021,0.38
30/12/2021,0.38
31/12/2021,0.39
03/01/2022,0.4
04/01/2022,0.38
05/01/2022,0.41
06/01/2022,0.45
07/01/2022,0.43
10/01/2022,0.46
11/01/2022,0.46
12/01/2022,0.48
13/01/2022,0.47
14/01/2022,0.51
18/01/2022,0.58
19/01/2022,0.57
20/01/2022,0.6
21/01/2022,0.58
24/01/2022,0.58
25/01/2022,0.65
26/01/2022,0.7
27/01/2022,0.75
28/01/2022,0.75
31/01/2022,0.78
01/02/2022,0.78
02/02/2022,0.76
03/02/2022,0.78
04/02/2022,0.89
07/02/2022,0.88
08/02/2022,0.91
09/02/2022,0.91
10/02/2022,1.14
11/02/2022,1.07
14/02/2022,1.13
15/02/2022,1.11
16/02/2022,1.09
17/02/2022,1.05
18/02/2022,1.03
22/02/2022,1.17
23/02/2022,1.16
24/02/2022,1.08
25/02/2022,1.13
28/02/2022,1.01
01/03/2022,0.91
02/03/2022,1.06
03/03/2022,1.08
04/03/2022,1.05
07/03/2022,1.07
08/03/2022,1.12
09/03/2022,1.15
10/03/2022,1.19
11/03/2022,1.22
14/03/2022,1.28
15/03/2022,1.28
16/03/2022,1.35
17/03/2022,1.3
18/03/2022,1.29
21/03/2022,1.4
22/03/2022,1.59
23/03/2022,1.52
24/03/2022,1.55
25/03/2022,1.67
28/03/2022,1.69
29/03/2022,1.67
30/03/2022,1.64
31/03/2022,1.63
01/04/2022,1.72
04/04/2022,1.72
05/04/2022,1.77
06/04/2022,1.79
07/04/2022,1.78
08/04/2022,1.81
11/04/2022,1.85
12/04/2022,1.77
13/04/2022,1.78
14/04/2022,1.84
18/04/2022,1.84
19/04/2022,1.94
20/04/2022,1.93
21/04/2022,2.01
22/04/2022,2.06
25/04/2022,2.03
26/04/2022,1.99
27/04/2022,1.97
28/04/2022,2.04
29/04/2022,2.1
02/05/2022,2.1
03/05/2022,2.16
04/05/2022,2.07
05/05/2022,2.08
06/05/2022,2.08
09/05/2022,1.99
10/05/2022,2.01
11/05/2022,1.99
12/05/2022,1.96
13/05/2022,2.04
16/05/2022,2.07
17/05/2022,2.16
18/05/2022,2.16
19/05/2022,2.11
20/05/2022,2.07
23/05/2022,2.09
24/05/2022,2.02
25/05/2022,2.01
26/05/2022,1.99
27/05/2022,2.01
31/05/2022,2.08
01/06/2022,2.16
02/06/2022,2.15
03/06/2022,2.18
06/06/2022,2.23
07/06/2022,2.26
08/06/2022,2.29
09/06/2022,2.35
10/06/2022,2.58
13/06/2022,2.89
14/06/2022,3.15
15/06/2022,2.93
16/06/2022,2.88
17/06/2022,2.86
21/06/2022,2.92
22/06/2022,2.79
23/06/2022,2.78
24/06/2022,2.83
27/06/2022,2.89
28/06/2022,2.88
29/06/2022,2.88
30/06/2022,2.8
01/07/2022,2.79
05/07/2022,2.77
06/07/2022,2.82
07/07/2022,2.87
08/07/2022,2.96
11/07/2022,2.97
12/07/2022,3.07
13/07/2022,3.21
14/07/2022,3.16
15/07/2022,3.12
18/07/2022,3.13
19/07/2022,3.18
20/07/2022,3.18
21/07/2022,3.11
22/07/2022,3.01
25/07/2022,3.07
26/07/2022,3.06
27/07/2022,3
28/07/2022,2.93
29/07/2022,2.98
01/08/2022,2.98
02/08/2022,3.09
03/08/2022,3.14
04/08/2022,3.11
05/08/2022,3.29
08/08/2022,3.3
09/08/2022,3.33
10/08/2022,3.26
11/08/2022,3.25
12/08/2022,3.26
15/08/2022,3.23
16/08/2022,3.26
17/08/2022,3.27
18/08/2022,3.24
19/08/2022,3.26
22/08/2022,3.32
23/08/2022,3.29
24/08/2022,3.35
25/08/2022,3.33
26/08/2022,3.36
29/08/2022,3.43
30/08/2022,3.48
31/08/2022,3.5
01/09/2022,3.51
02/09/2022,3.47
06/09/2022,3.61
07/09/2022,3.6
08/09/2022,3.6
09/09/2022,3.67
12/09/2022,3.7
13/09/2022,3.92
14/09/2022,3.95
15/09/2022,4
16/09/2022,3.96
19/09/2022,4.05
20/09/2022,4.03
21/09/2022,4.08
22/09/2022,4.08
23/09/2022,4.15
26/09/2022,4.17
27/09/2022,4.16
28/09/2022,3.99
29/09/2022,3.98
30/09/2022,4.05
03/10/2022,4.01
04/10/2022,4.15
05/10/2022,4.14
06/10/2022,4.19
07/10/2022,4.24
11/10/2022,4.28
12/10/2022,4.28
13/10/2022,4.46
14/10/2022,4.5
17/10/2022,4.5
18/10/2022,4.5
19/10/2022,4.6
20/10/2022,4.66
21/10/2022,4.58
24/10/2022,4.61
25/10/2022,4.6
26/10/2022,4.54
27/10/2022,4.5
28/10/2022,4.55
31/10/2022,4.66
01/11/2022,4.75
02/11/2022,4.76
03/11/2022,4.78
04/11/2022,4.76
07/11/2022,4.8
08/11/2022,4.77
09/11/2022,4.75
10/11/2022,4.59
14/11/2022,4.63
15/11/2022,4.6
16/11/2022,4.62
17/11/2022,4.68
18/11/2022,4.74
21/11/2022,4.75
22/11/2022,4.79
23/11/2022,4.75
25/11/2022,4.76
28/11/2022,4.76
29/11/2022,4.78
30/11/2022,4.74
01/12/2022,4.66
02/12/2022,4.69
05/12/2022,4.77
06/12/2022,4.73
07/12/2022,4.67
08/12/2022,4.71
09/12/2022,4.72
12/12/2022,4.75
13/12/2022,4.64
14/12/2022,4.64
15/12/2022,4.65
16/12/2022,4.61
19/12/2022,4.64
20/12/2022,4.64
21/12/2022,4.6
22/12/2022,4.64
23/12/2022,4.66
27/12/2022,4.75
28/12/2022,4.71
29/12/2022,4.71
30/12/2022,4.73
03/01/2023,4.72
04/01/2023,4.71
05/01/2023,4.78
06/01/2023,4.71
09/01/2023,4.69
10/01/2023,4.74
11/01/2023,4.73
12/01/2023,4.66
13/01/2023,4.69
17/01/2023,4.67
18/01/2023,4.63
19/01/2023,4.65
20/01/2023,4.68
23/01/2023,4.7
24/01/2023,4.7
25/01/2023,4.67
26/01/2023,4.68
27/01/2023,4.68
30/01/2023,4.71
31/01/2023,4.68
01/02/2023,4.66
02/02/2023,4.64
03/02/2023,4.79
06/02/2023,4.85
07/02/2023,4.88
08/02/2023,4.87
09/02/2023,4.88
10/02/2023,4.89
13/02/2023,4.91
14/02/2023,4.99
15/02/2023,4.96
16/02/2023,4.99
17/02/2023,5
21/02/2023,5.07
22/02/2023,5.07
23/02/2023,5.03
24/02/2023,5.05
27/02/2023,5.03
28/02/2023,5.02
01/03/2023,5.06
02/03/2023,5.04
03/03/2023,5.03
06/03/2023,5.05
07/03/2023,5.22
08/03/2023,5.25
09/03/2023,5.18
10/03/2023,4.9
13/03/2023,4.3
14/03/2023,4.45
15/03/2023,4.19
16/03/2023,4.49
17/03/2023,4.26
20/03/2023,4.34
21/03/2023,4.68
22/03/2023,4.56
23/03/2023,4.38
24/03/2023,4.32
27/03/2023,4.51
28/03/2023,4.55
29/03/2023,4.59
30/03/2023,4.63
31/03/2023,4.64
03/04/2023,4.6
04/04/2023,4.5
05/04/2023,4.43
06/04/2023,4.51
07/04/2023,4.61
10/04/2023,4.65
11/04/2023,4.67
12/04/2023,4.64
13/04/2023,4.66
14/04/2023,4.77
17/04/2023,4.8
18/04/2023,4.81
19/04/2023,4.84
20/04/2023,4.77
21/04/2023,4.78
24/04/2023,4.76
25/04/2023,4.6
26/04/2023,4.64
27/04/2023,4.78
28/04/2023,4.8
01/05/2023,4.86
02/05/2023,4.74
03/05/2023,4.7
04/05/2023,4.59
05/05/2023,4.73
08/05/2023,4.79
09/05/2023,4.81
10/05/2023,4.7
11/05/2023,4.7
12/05/2023,4.75
15/05/2023,4.73
16/05/2023,4.88
17/05/2023,4.92
18/05/2023,5.02
19/05/2023,5.02
22/05/2023,5.07
23/05/2023,5.06
24/05/2023,5.12
25/05/2023,5.24
26/05/2023,5.25
30/05/2023,5.22
31/05/2023,5.18
01/06/2023,5.11
02/06/2023,5.22
05/06/2023,5.17
06/06/2023,5.2
07/06/2023,5.16
08/06/2023,5.12
09/06/2023,5.17
12/06/2023,5.18
13/06/2023,5.26
14/06/2023,5.27
15/06/2023,5.21
16/06/2023,5.24
20/06/2023,5.24
21/06/2023,5.25
22/06/2023,5.29
23/06/2023,5.25
26/06/2023,5.27
27/06/2023,5.33
28/06/2023,5.32
29/06/2023,5.41
30/06/2023,5.4
03/07/2023,5.43
05/07/2023,5.4
06/07/2023,5.44
07/07/2023,5.41
10/07/2023,5.38
11/07/2023,5.44
12/07/2023,5.35
13/07/2023,5.27
14/07/2023,5.34
17/07/2023,5.33
18/07/2023,5.32
19/07/2023,5.32
20/07/2023,5.35
21/07/2023,5.35
24/07/2023,5.38
25/07/2023,5.38
26/07/2023,5.37
27/07/2023,5.4
28/07/2023,5.37
31/07/2023,5.37
01/08/2023,5.38
02/08/2023,5.36
03/08/2023,5.37
04/08/2023,5.33
07/08/2023,5.3
08/08/2023,5.35
09/08/2023,5.35
10/08/2023,5.33
11/08/2023,5.36
14/08/2023,5.37
15/08/2023,5.36
16/08/2023,5.37
17/08/2023,5.36
18/08/2023,5.35
21/08/2023,5.37
22/08/2023,5.39
23/08/2023,5.35
24/08/2023,5.39
25/08/2023,
26/08/2023,
27/08/2023,
28/08/2023,
29/08/2023,
30/08/2023,
31/08/2023,
01/09/2023,
02/09/2023,
03/09/2023,
04/09/2023,
05/09/2023,
06/09/2023,
07/09/2023,
08/09/2023,
09/09/2023,
10/09/2023,
11/09/2023,
12/09/2023,
13/09/2023,
14/09/2023,